"time_horizon","mean_car","car_95","cvar_95","method","car_95_kg","mean_car_kg"
1,0.017731333288452,0.0736325526496038,0.0931808326759565,"Empirical resampling",73.6325526496038,17.731333288452
2,0.0346650183756095,0.116627992255625,0.132130356890852,"Empirical resampling",116.627992255625,34.6650183756095
3,0.0521089678905268,0.13774472591814,0.167269061147763,"Empirical resampling",137.74472591814,52.1089678905268
4,0.06797702480992,0.15769456776605,0.193679290768118,"Empirical resampling",157.69456776605,67.97702480992
5,0.0843032261250686,0.183845289579481,0.221490001271493,"Empirical resampling",183.845289579481,84.3032261250686
6,0.0993747987217884,0.211388899634061,0.247507869796105,"Empirical resampling",211.388899634061,99.3747987217884
7,0.114186705818764,0.228937676483793,0.266156125499107,"Empirical resampling",228.937676483793,114.186705818764
8,0.128363166201973,0.245926991255659,0.28352527330484,"Empirical resampling",245.926991255659,128.363166201973
9,0.141919593639926,0.265120652669694,0.300513648903823,"Empirical resampling",265.120652669694,141.919593639926
10,0.155061073572351,0.281638449057593,0.315944313529765,"Empirical resampling",281.638449057593,155.061073572351
11,0.168027986291887,0.298323336562893,0.333375207865334,"Empirical resampling",298.323336562893,168.027986291887
12,0.180406065866685,0.310046155491996,0.345145078250301,"Empirical resampling",310.046155491996,180.406065866685
13,0.192474173910631,0.324108572887647,0.358741058525828,"Empirical resampling",324.108572887647,192.474173910631
14,0.204445969156378,0.336915862460631,0.36926081681818,"Empirical resampling",336.915862460631,204.445969156378
15,0.215918042218022,0.34577305706924,0.379526181047983,"Empirical resampling",345.77305706924,215.918042218022
16,0.227152718723254,0.358071839117561,0.39232198052248,"Empirical resampling",358.071839117561,227.152718723254
17,0.237939046893467,0.369855814463803,0.40523913225929,"Empirical resampling",369.855814463803,237.939046893467
18,0.248047157952965,0.380320617110698,0.415084467078908,"Empirical resampling",380.320617110698,248.047157952965
19,0.257708264164631,0.391032074747331,0.423150950873736,"Empirical resampling",391.032074747331,257.708264164631
20,0.267597781811816,0.397122405773789,0.431225255805809,"Empirical resampling",397.122405773789,267.597781811816
21,0.277166855305142,0.407668457213298,0.441238677279398,"Empirical resampling",407.668457213298,277.166855305142
22,0.285848030552869,0.416049077205713,0.450388556927274,"Empirical resampling",416.049077205713,285.848030552869
23,0.294677824708103,0.423784333907277,0.458455770510084,"Empirical resampling",423.784333907277,294.677824708103
24,0.303102524634746,0.432934267949887,0.467964678721677,"Empirical resampling",432.934267949887,303.102524634746
25,0.311139604648506,0.440596264497397,0.472761595954252,"Empirical resampling",440.596264497397,311.139604648506
26,0.319066368945365,0.450251067010889,0.479045653031252,"Empirical resampling",450.251067010889,319.066368945365
27,0.326332651907472,0.455339690461057,0.484708053332358,"Empirical resampling",455.339690461057,326.332651907472
28,0.333596386923124,0.460820863011959,0.491225797288345,"Empirical resampling",460.820863011959,333.596386923124
29,0.340104720671138,0.468110066135142,0.49865455639543,"Empirical resampling",468.110066135142,340.104720671138
30,0.347046367382005,0.475272603944233,0.503329346986382,"Empirical resampling",475.272603944233,347.046367382005
31,0.353916285256985,0.479661625715835,0.508320534200672,"Empirical resampling",479.661625715835,353.916285256985
32,0.359858504091864,0.484556171273297,0.513964050173964,"Empirical resampling",484.556171273297,359.858504091864
33,0.366084128397945,0.487237488346397,0.51745883168209,"Empirical resampling",487.237488346397,366.084128397945
34,0.371610797268485,0.493034499750169,0.521818341627529,"Empirical resampling",493.034499750169,371.610797268485
35,0.378243846176085,0.499588326519796,0.528120437889617,"Empirical resampling",499.588326519796,378.243846176085
36,0.38393290167988,0.506063955685094,0.533330192156111,"Empirical resampling",506.063955685094,383.93290167988
37,0.389606590458149,0.5103297491746,0.538224319947996,"Empirical resampling",510.3297491746,389.606590458149
38,0.39470625143836,0.513275064738177,0.541996518394231,"Empirical resampling",513.275064738177,394.70625143836
39,0.399610921882128,0.521317317724033,0.547158292351911,"Empirical resampling",521.317317724033,399.610921882128
40,0.404795777201905,0.525052197319717,0.552964855899882,"Empirical resampling",525.052197319717,404.795777201905
41,0.409324039338158,0.53121689847547,0.557274320065225,"Empirical resampling",531.21689847547,409.324039338158
42,0.413800652865097,0.532176319012106,0.559872972622168,"Empirical resampling",532.176319012106,413.800652865097
43,0.418413755887773,0.536665553418629,0.563025171727775,"Empirical resampling",536.665553418629,418.413755887773
44,0.422883249800585,0.542610223525582,0.56803706085911,"Empirical resampling",542.610223525582,422.883249800585
45,0.426738200268917,0.545898852448475,0.570223331640798,"Empirical resampling",545.898852448475,426.738200268917
46,0.430847726656494,0.546629433804276,0.572484937655435,"Empirical resampling",546.629433804276,430.847726656494
47,0.434967810961204,0.551421758432244,0.577754067186992,"Empirical resampling",551.421758432244,434.967810961204
48,0.438676005300231,0.553561712048264,0.579845835365615,"Empirical resampling",553.561712048264,438.676005300231
49,0.442510220376143,0.554739277632932,0.581635134292269,"Empirical resampling",554.739277632932,442.510220376143
50,0.446145210570067,0.560960443037123,0.58468690072583,"Empirical resampling",560.960443037123,446.145210570067
51,0.449816445886833,0.563290920949463,0.590427763544262,"Empirical resampling",563.290920949463,449.816445886833
52,0.453873623149699,0.568360805450473,0.593344150428282,"Empirical resampling",568.360805450473,453.873623149699
53,0.457136142078072,0.57274346334775,0.596696374077039,"Empirical resampling",572.74346334775,457.136142078072
54,0.460549656197067,0.576306295365646,0.60127183806588,"Empirical resampling",576.306295365646,460.549656197067
55,0.463457315746755,0.576388955221258,0.602397156451159,"Empirical resampling",576.388955221258,463.457315746755
56,0.466598499653091,0.577540468332627,0.60196036422068,"Empirical resampling",577.540468332627,466.598499653091
57,0.469357533430428,0.579784401151722,0.603636663685531,"Empirical resampling",579.784401151722,469.357533430428
58,0.472120094033525,0.580206118823342,0.603994825311758,"Empirical resampling",580.206118823342,472.120094033525
59,0.475157750228155,0.58315218844405,0.607919238833125,"Empirical resampling",583.15218844405,475.157750228155
60,0.478246676802857,0.586990929017369,0.611179162767052,"Empirical resampling",586.990929017369,478.246676802857
61,0.480961938989878,0.588069795222151,0.613555360031027,"Empirical resampling",588.069795222151,480.961938989878
62,0.483135013139095,0.590227666058975,0.614220610374817,"Empirical resampling",590.227666058975,483.135013139095
63,0.485603181995529,0.593163402652295,0.617739851227818,"Empirical resampling",593.163402652295,485.603181995529
64,0.487545052684134,0.595527578256068,0.619820547727824,"Empirical resampling",595.527578256068,487.545052684134
65,0.490103502514754,0.596862567147036,0.620658375249515,"Empirical resampling",596.862567147036,490.103502514754
66,0.492508151677741,0.597138640600659,0.623787271774807,"Empirical resampling",597.138640600659,492.508151677741
67,0.495554259444486,0.599075432992846,0.625820219101347,"Empirical resampling",599.075432992846,495.554259444486
68,0.49745859927318,0.602869446075962,0.628990289879991,"Empirical resampling",602.869446075962,497.45859927318
69,0.499843446197858,0.603936391681048,0.631557248570505,"Empirical resampling",603.936391681048,499.843446197858
70,0.502225195670555,0.608159896046662,0.633646531839931,"Empirical resampling",608.159896046662,502.225195670555
71,0.503924942381596,0.60910966611851,0.63572402491778,"Empirical resampling",609.10966611851,503.924942381596
72,0.505456962928058,0.608818963566345,0.634759650997207,"Empirical resampling",608.818963566345,505.456962928058
73,0.507202501306857,0.610936559739524,0.636403572651989,"Empirical resampling",610.936559739524,507.202501306857
74,0.508850883412443,0.610033339801551,0.635132367386532,"Empirical resampling",610.033339801551,508.850883412443
75,0.510845144934443,0.612041824977297,0.637054666957302,"Empirical resampling",612.041824977297,510.845144934443
76,0.512739811299073,0.615818075071455,0.639538810128649,"Empirical resampling",615.818075071455,512.739811299073
77,0.514895836608201,0.618123964653895,0.642203798196407,"Empirical resampling",618.123964653895,514.895836608201
78,0.516741237619288,0.619388668014144,0.644463042111766,"Empirical resampling",619.388668014144,516.741237619288
79,0.517973509414938,0.619853999970749,0.644357815435959,"Empirical resampling",619.853999970749,517.973509414938
80,0.519921702499228,0.621231467012071,0.646072165908393,"Empirical resampling",621.231467012071,519.921702499228
81,0.521760320485349,0.624522755492582,0.648683775650739,"Empirical resampling",624.522755492582,521.760320485349
82,0.523755822932175,0.627093014151234,0.650056839503728,"Empirical resampling",627.093014151234,523.755822932175
83,0.525199796907101,0.626705049988117,0.650785573461804,"Empirical resampling",626.705049988117,525.199796907101
84,0.526880234088901,0.629762722694946,0.652942440597888,"Empirical resampling",629.762722694946,526.880234088901
85,0.528286955532588,0.631400576833125,0.655024644093023,"Empirical resampling",631.400576833125,528.286955532588
86,0.529943051028145,0.634139380198421,0.655501886265245,"Empirical resampling",634.139380198421,529.943051028145
87,0.531177161956513,0.634879238196137,0.656614375715924,"Empirical resampling",634.879238196137,531.177161956513
88,0.532828801391099,0.634595750194714,0.656824126495081,"Empirical resampling",634.595750194714,532.828801391099
89,0.534000360253309,0.636522103493533,0.660565162758685,"Empirical resampling",636.522103493533,534.000360253309
90,0.53547155174425,0.63874531278707,0.663771073205915,"Empirical resampling",638.74531278707,535.47155174425
91,0.536476450740353,0.640139904858751,0.662990371234133,"Empirical resampling",640.139904858751,536.476450740353
92,0.537971607821364,0.640972908127632,0.663902265583245,"Empirical resampling",640.972908127632,537.971607821364
93,0.539079120111605,0.64062648049972,0.664199018475774,"Empirical resampling",640.62648049972,539.079120111605
94,0.540909581560858,0.644258598277749,0.667363306352054,"Empirical resampling",644.258598277749,540.909581560858
95,0.542158753667533,0.642741041842983,0.667643709941391,"Empirical resampling",642.741041842983,542.158753667533
96,0.543507770953054,0.643815077139744,0.669880084148128,"Empirical resampling",643.815077139744,543.507770953054
97,0.544899543913714,0.644496062396004,0.671167667442685,"Empirical resampling",644.496062396004,544.899543913714
98,0.546179820288719,0.647238811466974,0.672327858406475,"Empirical resampling",647.238811466974,546.179820288719
99,0.547380284809635,0.647031961410435,0.67203079584344,"Empirical resampling",647.031961410435,547.380284809635
100,0.548597950473864,0.648809969532982,0.671888697648522,"Empirical resampling",648.809969532982,548.597950473864
101,0.549760165894569,0.651479846871754,0.672382844494733,"Empirical resampling",651.479846871754,549.760165894569
102,0.551651191942845,0.653279635429126,0.676284491509484,"Empirical resampling",653.279635429126,551.651191942845
103,0.552979655186112,0.654296768715979,0.678063418466321,"Empirical resampling",654.296768715978,552.979655186112
104,0.554032097187034,0.654332865897632,0.679083318017167,"Empirical resampling",654.332865897632,554.032097187034
105,0.555022811390253,0.653770371328735,0.67878640857113,"Empirical resampling",653.770371328735,555.022811390253
106,0.556332801433223,0.655229066309184,0.67973122342472,"Empirical resampling",655.229066309184,556.332801433222
107,0.556955421754675,0.65655811320626,0.680504673803404,"Empirical resampling",656.55811320626,556.955421754676
108,0.557925804559061,0.657642197197058,0.681295046895126,"Empirical resampling",657.642197197058,557.925804559061
109,0.559185702330372,0.659085022288977,0.681817138279048,"Empirical resampling",659.085022288977,559.185702330372
110,0.560293054890447,0.658884467483782,0.681431442727793,"Empirical resampling",658.884467483782,560.293054890447
111,0.56176709755846,0.660263237481302,0.683363208159354,"Empirical resampling",660.263237481302,561.76709755846
112,0.56286484759734,0.661650332271709,0.685233458439999,"Empirical resampling",661.650332271709,562.86484759734
113,0.563926671951626,0.6644733718746,0.686685765339247,"Empirical resampling",664.4733718746,563.926671951626
114,0.565316729913322,0.665877140551247,0.6887943010204,"Empirical resampling",665.877140551248,565.316729913322
115,0.565880863582044,0.664708722892583,0.689278214597595,"Empirical resampling",664.708722892583,565.880863582045
116,0.56663063595247,0.666079050505004,0.691138629840845,"Empirical resampling",666.079050505004,566.63063595247
117,0.567613886352337,0.665699111577426,0.690362221822937,"Empirical resampling",665.699111577426,567.613886352337
118,0.568304770170836,0.666887888810943,0.690149858952395,"Empirical resampling",666.887888810943,568.304770170836
119,0.569344100293523,0.669445816447567,0.691965889097258,"Empirical resampling",669.445816447567,569.344100293523
120,0.570406149804696,0.6693643880186,0.693555786040925,"Empirical resampling",669.3643880186,570.406149804696
121,0.571091035086501,0.673195490811393,0.693692396138727,"Empirical resampling",673.195490811393,571.091035086501
122,0.572385152095869,0.672890141296618,0.694786046970324,"Empirical resampling",672.890141296618,572.385152095869
123,0.573261748997009,0.672576384645128,0.694844518572703,"Empirical resampling",672.576384645128,573.261748997009
124,0.574122110034675,0.671066925255694,0.694553663694041,"Empirical resampling",671.066925255694,574.122110034675
125,0.575131043068686,0.67412148950439,0.696991892795252,"Empirical resampling",674.12148950439,575.131043068686
126,0.575571242979275,0.673584214009794,0.6957389741673,"Empirical resampling",673.584214009794,575.571242979275
127,0.576629206433099,0.674463433966218,0.697778211682965,"Empirical resampling",674.463433966218,576.629206433099
128,0.578090105534189,0.676944404528796,0.698538531286849,"Empirical resampling",676.944404528796,578.090105534189
129,0.579041647928041,0.679417553421917,0.700997368402404,"Empirical resampling",679.417553421917,579.041647928041
130,0.57960945452774,0.680056713249938,0.700844708608909,"Empirical resampling",680.056713249938,579.60945452774
131,0.580478146883019,0.679108542275519,0.700559349724289,"Empirical resampling",679.108542275519,580.478146883019
132,0.581537231474089,0.680520588292475,0.702785598786383,"Empirical resampling",680.520588292475,581.537231474089
133,0.582726726661801,0.681396433874826,0.704031277112894,"Empirical resampling",681.396433874826,582.726726661801
134,0.583498508305907,0.682006236541732,0.704938713738658,"Empirical resampling",682.006236541732,583.498508305907
135,0.584374621805917,0.684168224753807,0.705699665159836,"Empirical resampling",684.168224753807,584.374621805917
136,0.58545741779227,0.684930796282569,0.708709580086148,"Empirical resampling",684.930796282569,585.45741779227
137,0.586198693835777,0.688142758776245,0.708526725247176,"Empirical resampling",688.142758776245,586.198693835777
138,0.587051675790739,0.687457417263314,0.709352625220413,"Empirical resampling",687.457417263314,587.051675790739
139,0.587747374428314,0.68754044069879,0.709645707650739,"Empirical resampling",687.54044069879,587.747374428314
140,0.588996458628309,0.687279570514842,0.711108684579119,"Empirical resampling",687.279570514842,588.996458628309
141,0.590069793221089,0.689727508419178,0.712792374049268,"Empirical resampling",689.727508419178,590.069793221089
142,0.590972422045687,0.691398777237386,0.713304795289962,"Empirical resampling",691.398777237386,590.972422045687
143,0.591968678783228,0.68948080374746,0.711914935361184,"Empirical resampling",689.48080374746,591.968678783228
144,0.592759833736137,0.690078758330202,0.712236853300455,"Empirical resampling",690.078758330202,592.759833736137
145,0.593427791102811,0.690385907016338,0.712693839714961,"Empirical resampling",690.385907016338,593.427791102811
146,0.593942161165075,0.692484398621425,0.714278379192308,"Empirical resampling",692.484398621425,593.942161165075
147,0.594317942559522,0.693202845724654,0.713961050749155,"Empirical resampling",693.202845724654,594.317942559522
148,0.595649215127785,0.693118256505169,0.71487822775825,"Empirical resampling",693.118256505169,595.649215127785
149,0.596759549919734,0.694993146603376,0.715801750508361,"Empirical resampling",694.993146603376,596.759549919734
150,0.597323191677049,0.694466432631807,0.715533552120042,"Empirical resampling",694.466432631807,597.323191677049
151,0.598447681048003,0.695995632353243,0.717162865257747,"Empirical resampling",695.995632353243,598.447681048003
152,0.599552445401435,0.695401960017252,0.718018376445546,"Empirical resampling",695.401960017252,599.552445401435
153,0.600036487009464,0.695813417207049,0.719826987034391,"Empirical resampling",695.813417207049,600.036487009464
154,0.600647849820128,0.698964833655943,0.72125274816614,"Empirical resampling",698.964833655943,600.647849820128
155,0.60164279525947,0.698380166088943,0.722998707432728,"Empirical resampling",698.380166088943,601.64279525947
156,0.602894687149775,0.70038988906218,0.723814386067768,"Empirical resampling",700.38988906218,602.894687149775
157,0.603621585006472,0.70225927329892,0.724297399054919,"Empirical resampling",702.25927329892,603.621585006472
158,0.604279078949486,0.702296840502707,0.725247533141666,"Empirical resampling",702.296840502707,604.279078949486
159,0.604898594370979,0.702378815218333,0.72655479591681,"Empirical resampling",702.378815218333,604.898594370979
160,0.606165652138991,0.703560810121383,0.728677856023748,"Empirical resampling",703.560810121383,606.165652138991
161,0.6064508999218,0.704249862009,0.728803766607647,"Empirical resampling",704.249862009,606.450899921799
162,0.607115490620491,0.703833462238396,0.728766278401433,"Empirical resampling",703.833462238396,607.115490620491
163,0.607798246833831,0.704056216210531,0.728923791247035,"Empirical resampling",704.056216210531,607.798246833831
164,0.608250676974617,0.705939631086592,0.72832884606383,"Empirical resampling",705.939631086592,608.250676974617
165,0.609315682919363,0.708347235979447,0.730713595135998,"Empirical resampling",708.347235979447,609.315682919363
166,0.610234980581627,0.71034685638921,0.730520588881123,"Empirical resampling",710.34685638921,610.234980581627
167,0.610845238638724,0.709443664072615,0.731721049924727,"Empirical resampling",709.443664072615,610.845238638724
168,0.611539685035562,0.710153786913139,0.732849592301036,"Empirical resampling",710.153786913139,611.539685035562
169,0.611975218823283,0.711638125237871,0.732957282869633,"Empirical resampling",711.638125237871,611.975218823282
170,0.61279651330486,0.710471604268821,0.731556671960491,"Empirical resampling",710.471604268821,612.79651330486
171,0.613720988534732,0.711964952801252,0.732723152506853,"Empirical resampling",711.964952801252,613.720988534732
172,0.614067359778408,0.712553928974111,0.732323337363024,"Empirical resampling",712.553928974111,614.067359778408
173,0.614636270714912,0.712999138939971,0.734237066921032,"Empirical resampling",712.999138939971,614.636270714912
174,0.615318558234166,0.714521155243947,0.736467574807612,"Empirical resampling",714.521155243947,615.318558234166
175,0.615928269158209,0.715369879012308,0.737334040542096,"Empirical resampling",715.369879012308,615.928269158209
176,0.616876635569152,0.715997957776653,0.738650247463265,"Empirical resampling",715.997957776653,616.876635569152
177,0.617901604682274,0.719272055759639,0.740331791196007,"Empirical resampling",719.272055759639,617.901604682274
178,0.618241930803082,0.718147327157307,0.740047987399133,"Empirical resampling",718.147327157307,618.241930803082
179,0.618883699756734,0.717605106029031,0.739286435120504,"Empirical resampling",717.605106029031,618.883699756734
180,0.619893532885042,0.717799936831837,0.740165531444686,"Empirical resampling",717.799936831837,619.893532885042
181,0.620323320170794,0.719658261683574,0.74132398627702,"Empirical resampling",719.658261683574,620.323320170794
182,0.621208565124766,0.719521314113335,0.739839360014496,"Empirical resampling",719.521314113335,621.208565124766
183,0.621563840404204,0.720216241358184,0.740788042727645,"Empirical resampling",720.216241358184,621.563840404204
184,0.621948972000279,0.719082231408567,0.741579193691012,"Empirical resampling",719.082231408567,621.948972000279
185,0.622905505034382,0.719945861293615,0.743039716123282,"Empirical resampling",719.945861293615,622.905505034382
186,0.623805702971381,0.722453379190048,0.744157759258667,"Empirical resampling",722.453379190048,623.805702971381
187,0.624630529037694,0.724657096641145,0.745949551779149,"Empirical resampling",724.657096641145,624.630529037694
188,0.625335983598248,0.723118132549558,0.746260793531586,"Empirical resampling",723.118132549558,625.335983598248
189,0.625439937696961,0.725614602613932,0.747367700606264,"Empirical resampling",725.614602613932,625.439937696961
190,0.626557049460604,0.72599258403686,0.748889113520703,"Empirical resampling",725.99258403686,626.557049460603
191,0.626970416238955,0.726388260280289,0.749004752518104,"Empirical resampling",726.388260280289,626.970416238955
192,0.627712322049377,0.725818298212266,0.747046896965563,"Empirical resampling",725.818298212266,627.712322049377
193,0.628124428362656,0.726855112596059,0.746997768973245,"Empirical resampling",726.855112596059,628.124428362656
194,0.628647150221667,0.723823356393938,0.747145518216347,"Empirical resampling",723.823356393938,628.647150221666
195,0.629356442502037,0.726250900714272,0.747881494986861,"Empirical resampling",726.250900714272,629.356442502037
196,0.629845077072435,0.727526295334734,0.749926975946276,"Empirical resampling",727.526295334734,629.845077072435
197,0.630413554529256,0.727017679249628,0.750952917467433,"Empirical resampling",727.017679249628,630.413554529256
198,0.630794655167258,0.728003672080187,0.750337553097972,"Empirical resampling",728.003672080187,630.794655167257
199,0.631726180729717,0.730311285058854,0.752827684701832,"Empirical resampling",730.311285058854,631.726180729717
200,0.631678209758223,0.730642316569229,0.752439079519201,"Empirical resampling",730.642316569229,631.678209758223
1,0.0211872303702858,0.0799109809025449,0.192412290125628,"Spliced GPD",79.9109809025448,21.1872303702858
2,0.0420002815503765,0.135744315892041,0.304280629803213,"Spliced GPD",135.744315892041,42.0002815503765
3,0.061694179501276,0.197081460577903,0.389208700182624,"Spliced GPD",197.081460577903,61.694179501276
4,0.0808221179174542,0.248880782608964,0.44513543644028,"Spliced GPD",248.880782608964,80.8221179174542
5,0.0978023868024352,0.280401822773692,0.474152419514273,"Spliced GPD",280.401822773692,97.8023868024352
6,0.115722343100418,0.322474771275577,0.520944021924851,"Spliced GPD",322.474771275577,115.722343100418
7,0.132282627411506,0.353849927969539,0.546815283505264,"Spliced GPD",353.849927969539,132.282627411506
8,0.148540962925723,0.383085809581405,0.576060576294747,"Spliced GPD",383.085809581405,148.540962925723
9,0.163877940441636,0.412096069990297,0.605891464962061,"Spliced GPD",412.096069990297,163.877940441636
10,0.178858115161554,0.440325702212393,0.627319782698297,"Spliced GPD",440.325702212393,178.858115161554
11,0.194534306866484,0.468171868143757,0.659940962522687,"Spliced GPD",468.171868143757,194.534306866484
12,0.208765888920241,0.489968031012452,0.684980237999689,"Spliced GPD",489.968031012452,208.765888920241
13,0.222148946548123,0.514587910219236,0.700663642586621,"Spliced GPD",514.587910219236,222.148946548123
14,0.234372384920491,0.524037817682378,0.709238576502263,"Spliced GPD",524.037817682378,234.372384920491
15,0.246927852888442,0.544136502518333,0.722015686631767,"Spliced GPD",544.136502518333,246.927852888442
16,0.258566693270235,0.562521947658368,0.72782130528067,"Spliced GPD",562.521947658368,258.566693270235
17,0.271022610340335,0.581970391740839,0.739265645956381,"Spliced GPD",581.970391740839,271.022610340335
18,0.282214049389762,0.601300417687101,0.745720436445613,"Spliced GPD",601.300417687101,282.214049389762
19,0.292837687658072,0.60921635184839,0.757314610978047,"Spliced GPD",609.21635184839,292.837687658072
20,0.303684027632141,0.623430555987973,0.767017665160368,"Spliced GPD",623.430555987973,303.684027632141
21,0.313465922960249,0.634363120640812,0.774672092865828,"Spliced GPD",634.363120640812,313.465922960249
22,0.322852685255294,0.63621106133601,0.77917280396698,"Spliced GPD",636.21106133601,322.852685255294
23,0.332922385932188,0.657167995995292,0.784723024485619,"Spliced GPD",657.167995995292,332.922385932188
24,0.341228888349471,0.66361961730315,0.786006254414419,"Spliced GPD",663.61961730315,341.228888349471
25,0.350030307004512,0.670532311559594,0.785602602790115,"Spliced GPD",670.532311559594,350.030307004512
26,0.35894156484128,0.676098519404565,0.787441256965082,"Spliced GPD",676.098519404565,358.94156484128
27,0.366578052862367,0.676959555269111,0.785230580277386,"Spliced GPD",676.959555269111,366.578052862367
28,0.374914643195727,0.688145365871589,0.791976612688309,"Spliced GPD",688.145365871589,374.914643195727
29,0.383123817213961,0.697801692287411,0.795704775790072,"Spliced GPD",697.801692287411,383.123817213961
30,0.389596402341666,0.695221422080595,0.789641580419586,"Spliced GPD",695.221422080595,389.596402341666
31,0.397282478051311,0.696383044834355,0.796036896506286,"Spliced GPD",696.383044834355,397.282478051311
32,0.404488519475162,0.694464495877365,0.796279764159382,"Spliced GPD",694.464495877365,404.488519475162
33,0.411148273378745,0.696515555439633,0.796647447784827,"Spliced GPD",696.515555439633,411.148273378745
34,0.417511539976302,0.696933723614751,0.800732274632502,"Spliced GPD",696.933723614751,417.511539976302
35,0.423065206699332,0.70001430908812,0.802936347854,"Spliced GPD",700.01430908812,423.065206699332
36,0.429020541823831,0.703875298708648,0.809386312025618,"Spliced GPD",703.875298708648,429.020541823831
37,0.434511136238767,0.705514530934393,0.807488126584442,"Spliced GPD",705.514530934393,434.511136238767
38,0.439992273207113,0.707214081103064,0.810121989303149,"Spliced GPD",707.214081103064,439.992273207113
39,0.445592706765576,0.711361626712829,0.812804154512141,"Spliced GPD",711.361626712829,445.592706765576
40,0.450586887194037,0.717172884566022,0.814718810545212,"Spliced GPD",717.172884566022,450.586887194037
41,0.454432578123173,0.716608350474295,0.810774803389387,"Spliced GPD",716.608350474295,454.432578123173
42,0.458942991411815,0.714864475959991,0.814696618145931,"Spliced GPD",714.864475959991,458.942991411815
43,0.462952715980892,0.718993890840711,0.814057362687949,"Spliced GPD",718.993890840711,462.952715980892
44,0.468749661861204,0.725161414569681,0.821599345625552,"Spliced GPD",725.161414569681,468.749661861204
45,0.472996574274459,0.72700417379048,0.822073960643673,"Spliced GPD",727.00417379048,472.996574274459
46,0.477536013035033,0.73035613364866,0.824659634589163,"Spliced GPD",730.35613364866,477.536013035033
47,0.481946958877252,0.731626083298049,0.826705196435465,"Spliced GPD",731.626083298049,481.946958877252
48,0.484950318518071,0.729306125773042,0.824400830274735,"Spliced GPD",729.306125773042,484.950318518071
49,0.488201119782883,0.725411979027428,0.826740826957194,"Spliced GPD",725.411979027428,488.201119782883
50,0.492837364500497,0.730621518353711,0.830235720708215,"Spliced GPD",730.621518353711,492.837364500497
51,0.496369433783735,0.739331647964917,0.830648433410122,"Spliced GPD",739.331647964917,496.369433783735
52,0.500502127472882,0.741853357471843,0.829730818906828,"Spliced GPD",741.853357471843,500.502127472882
53,0.503543862787564,0.743209096385096,0.829274287642654,"Spliced GPD",743.209096385096,503.543862787564
54,0.507247277998677,0.749010405832846,0.842104044777584,"Spliced GPD",749.010405832846,507.247277998677
55,0.510731243269681,0.753259397228426,0.84534508262733,"Spliced GPD",753.259397228426,510.731243269681
56,0.513553833691953,0.759311745797813,0.846275628438811,"Spliced GPD",759.311745797814,513.553833691953
57,0.516624601890032,0.759354689853072,0.850505659193531,"Spliced GPD",759.354689853072,516.624601890032
58,0.519434149435842,0.760305780081053,0.848701608885277,"Spliced GPD",760.305780081053,519.434149435842
59,0.522345238442937,0.764578309363134,0.844238870017935,"Spliced GPD",764.578309363134,522.345238442937
60,0.524635191450195,0.76267754504633,0.84150746391578,"Spliced GPD",762.67754504633,524.635191450195
61,0.527283175188109,0.759788932676958,0.840767541120049,"Spliced GPD",759.788932676958,527.283175188109
62,0.528799372736914,0.762006919663547,0.840120800364219,"Spliced GPD",762.006919663547,528.799372736914
63,0.531864363572959,0.766711330406023,0.845135398021466,"Spliced GPD",766.711330406023,531.864363572959
64,0.534379087352458,0.766336884912948,0.845101218439501,"Spliced GPD",766.336884912948,534.379087352458
65,0.536882598104222,0.76365530555364,0.844421386162043,"Spliced GPD",763.65530555364,536.882598104222
66,0.538777345378038,0.764460437063903,0.841198132764997,"Spliced GPD",764.460437063903,538.777345378038
67,0.540394800201463,0.762561938753839,0.839361567149745,"Spliced GPD",762.561938753839,540.394800201463
68,0.542374994101102,0.761555864446434,0.835120663175577,"Spliced GPD",761.555864446434,542.374994101102
69,0.544392770634312,0.762057723261574,0.838078413833699,"Spliced GPD",762.057723261574,544.392770634312
70,0.546134671622035,0.761326208449454,0.838941011470548,"Spliced GPD",761.326208449454,546.134671622035
71,0.548267244529083,0.760944913263419,0.840794242035233,"Spliced GPD",760.944913263419,548.267244529083
72,0.550434623785863,0.762036981381543,0.84282918202253,"Spliced GPD",762.036981381543,550.434623785863
73,0.55218335522201,0.763754608731671,0.847873908628658,"Spliced GPD",763.754608731671,552.18335522201
74,0.553846210110217,0.766538602637153,0.849950231327786,"Spliced GPD",766.538602637153,553.846210110217
75,0.554913819719888,0.767652107804682,0.851393149251649,"Spliced GPD",767.652107804682,554.913819719888
76,0.557287161027773,0.770056797124207,0.853963430220905,"Spliced GPD",770.056797124207,557.287161027773
77,0.558707465333334,0.77261386292396,0.853241992991835,"Spliced GPD",772.61386292396,558.707465333334
78,0.560146754334201,0.776702319292428,0.852144507636237,"Spliced GPD",776.702319292428,560.146754334201
79,0.562576100930992,0.780735517110043,0.859734334290784,"Spliced GPD",780.735517110043,562.576100930992
80,0.564376055738941,0.77820133074955,0.859668517683862,"Spliced GPD",778.20133074955,564.376055738941
81,0.567183284922783,0.784257941288954,0.864789509148158,"Spliced GPD",784.257941288954,567.183284922783
82,0.568044085211978,0.785529173825673,0.860338089982687,"Spliced GPD",785.529173825673,568.044085211978
83,0.570108609655727,0.783984271721478,0.863790762089576,"Spliced GPD",783.984271721478,570.108609655727
84,0.571136145862605,0.788121258598681,0.863702766909301,"Spliced GPD",788.121258598681,571.136145862605
85,0.572614825148752,0.787761524137551,0.86475554349968,"Spliced GPD",787.761524137551,572.614825148752
86,0.573542769568346,0.784604092730767,0.861624988001021,"Spliced GPD",784.604092730767,573.542769568346
87,0.574199092853477,0.784158865638659,0.86031904284525,"Spliced GPD",784.158865638659,574.199092853478
88,0.575695717207407,0.787671296869079,0.86302407031251,"Spliced GPD",787.671296869079,575.695717207407
89,0.576851087642371,0.787126305937368,0.862555996981468,"Spliced GPD",787.126305937368,576.851087642371
90,0.578677490577896,0.789349299724099,0.864397927412407,"Spliced GPD",789.349299724099,578.677490577896
91,0.579261191150099,0.786160897089731,0.859383612774323,"Spliced GPD",786.160897089731,579.261191150099
92,0.580481867199447,0.783790158148562,0.855960669232276,"Spliced GPD",783.790158148562,580.481867199447
93,0.581515637521636,0.783837846158017,0.85927182311136,"Spliced GPD",783.837846158017,581.515637521636
94,0.582065035508488,0.78601645447414,0.857640155587066,"Spliced GPD",786.01645447414,582.065035508488
95,0.584027697167183,0.786582019219603,0.861916244346919,"Spliced GPD",786.582019219603,584.027697167183
96,0.585903402511819,0.787986171091795,0.865425579435626,"Spliced GPD",787.986171091795,585.903402511819
97,0.58747551796996,0.793011390015466,0.866684414718944,"Spliced GPD",793.011390015466,587.475517969961
98,0.588804393106891,0.79130124302883,0.868995448814568,"Spliced GPD",791.30124302883,588.804393106891
99,0.590408811658121,0.789795207724687,0.869318609828531,"Spliced GPD",789.795207724687,590.408811658121
100,0.591376447312184,0.79525829961352,0.867116871109112,"Spliced GPD",795.25829961352,591.376447312184
101,0.592308896124597,0.793323501081936,0.867721864084697,"Spliced GPD",793.323501081936,592.308896124597
102,0.592789302051491,0.793357235797993,0.865955460712474,"Spliced GPD",793.357235797993,592.789302051491
103,0.593673691407687,0.799645266899988,0.866999862152356,"Spliced GPD",799.645266899988,593.673691407687
104,0.594461132067665,0.798935910054323,0.866309079115901,"Spliced GPD",798.935910054323,594.461132067665
105,0.595497155493214,0.800479863395976,0.866136792155464,"Spliced GPD",800.479863395976,595.497155493214
106,0.59597377299978,0.797178859806681,0.864487995569358,"Spliced GPD",797.178859806681,595.97377299978
107,0.597365589734626,0.798676761525569,0.863883082125923,"Spliced GPD",798.676761525569,597.365589734626
108,0.597926301178358,0.794192427691312,0.859179654090815,"Spliced GPD",794.192427691312,597.926301178358
109,0.598497598281635,0.794773297449296,0.858466561233589,"Spliced GPD",794.773297449296,598.497598281635
110,0.600014324129038,0.797682335338224,0.870206905874064,"Spliced GPD",797.682335338224,600.014324129038
111,0.600127114346892,0.801497636239687,0.867698660315212,"Spliced GPD",801.497636239686,600.127114346892
112,0.600992369820369,0.799137938961762,0.864666889919132,"Spliced GPD",799.137938961762,600.992369820369
113,0.602349105432487,0.800063211936946,0.867488287329946,"Spliced GPD",800.063211936946,602.349105432487
114,0.603594456928463,0.794116999382107,0.868466142547059,"Spliced GPD",794.116999382107,603.594456928463
115,0.604085122889534,0.79997534324509,0.870859478735574,"Spliced GPD",799.97534324509,604.085122889534
116,0.604906280454137,0.806566143357948,0.87329413068963,"Spliced GPD",806.566143357948,604.906280454137
117,0.605583860927776,0.805183218759321,0.875154864574511,"Spliced GPD",805.183218759321,605.583860927776
118,0.606948669978271,0.806296614393872,0.879377025068461,"Spliced GPD",806.296614393872,606.948669978271
119,0.607545293151343,0.808228270021311,0.879291945581372,"Spliced GPD",808.228270021311,607.545293151343
120,0.608519566542113,0.811695781258335,0.878246395800973,"Spliced GPD",811.695781258335,608.519566542113
121,0.609383467172748,0.80833436264734,0.875955537748062,"Spliced GPD",808.33436264734,609.383467172748
122,0.610413805181459,0.810019277584974,0.878628519597529,"Spliced GPD",810.019277584974,610.413805181459
123,0.612175885177187,0.814233514662659,0.884227516883368,"Spliced GPD",814.233514662659,612.175885177187
124,0.612473475944481,0.811711787619462,0.884483714395445,"Spliced GPD",811.711787619462,612.473475944481
125,0.613536110996673,0.814685398572943,0.884274366285282,"Spliced GPD",814.685398572943,613.536110996673
126,0.614963064271532,0.818820930189753,0.886929786163828,"Spliced GPD",818.820930189753,614.963064271532
127,0.615462508974981,0.821098808876303,0.887167490996718,"Spliced GPD",821.098808876303,615.462508974981
128,0.616157773782036,0.820933150339456,0.883564683516879,"Spliced GPD",820.933150339456,616.157773782036
129,0.616668588308695,0.821943600824348,0.882152685720936,"Spliced GPD",821.943600824348,616.668588308695
130,0.617801450219349,0.818652273282454,0.88348290589545,"Spliced GPD",818.652273282454,617.801450219349
131,0.618488723346711,0.822956699958702,0.882945093648433,"Spliced GPD",822.956699958702,618.488723346711
132,0.619015073950118,0.821064633607895,0.879361008739255,"Spliced GPD",821.064633607895,619.015073950118
133,0.620146762238014,0.820613935510444,0.880481708586582,"Spliced GPD",820.613935510444,620.146762238014
134,0.619809143634462,0.817386677130597,0.878129654329457,"Spliced GPD",817.386677130597,619.809143634463
135,0.620468733517638,0.815062661764727,0.878112009984882,"Spliced GPD",815.062661764727,620.468733517638
136,0.621061480153697,0.81390203383127,0.875388566167779,"Spliced GPD",813.90203383127,621.061480153697
137,0.621629048743354,0.811235319492468,0.875349551439684,"Spliced GPD",811.235319492468,621.629048743354
138,0.622768973768329,0.812498650777143,0.87729658046793,"Spliced GPD",812.498650777143,622.768973768329
139,0.62343950114304,0.812314467738579,0.880492101552116,"Spliced GPD",812.314467738579,623.43950114304
140,0.624731515807511,0.816441562104185,0.885565505340202,"Spliced GPD",816.441562104185,624.731515807511
141,0.625079412464554,0.818096455412145,0.886444776953778,"Spliced GPD",818.096455412145,625.079412464554
142,0.626731639370013,0.821263321569469,0.886824167679204,"Spliced GPD",821.263321569469,626.731639370013
143,0.627425463359529,0.820827662087842,0.885559153534532,"Spliced GPD",820.827662087842,627.425463359529
144,0.627885088477537,0.820221099749557,0.886838988345881,"Spliced GPD",820.221099749557,627.885088477537
145,0.628198121362573,0.821096484419124,0.886568633074693,"Spliced GPD",821.096484419124,628.198121362573
146,0.628859842566348,0.826451986650745,0.89013922653253,"Spliced GPD",826.451986650745,628.859842566348
147,0.630068235680358,0.828539479029136,0.888330289231987,"Spliced GPD",828.539479029136,630.068235680358
148,0.629863238923352,0.828442888708055,0.88636916682052,"Spliced GPD",828.442888708056,629.863238923352
149,0.62951012533867,0.81839274230112,0.879889816299228,"Spliced GPD",818.39274230112,629.51012533867
150,0.630481272573607,0.81900039061046,0.881850639024029,"Spliced GPD",819.00039061046,630.481272573607
151,0.6303759940253,0.818349823026196,0.88174605932197,"Spliced GPD",818.349823026196,630.3759940253
152,0.630966731450446,0.82020658130679,0.883549130696481,"Spliced GPD",820.20658130679,630.966731450446
153,0.631864663847402,0.822884167219984,0.885937593213225,"Spliced GPD",822.884167219984,631.864663847402
154,0.632658134471172,0.82598063231167,0.88520162776437,"Spliced GPD",825.98063231167,632.658134471173
155,0.633378568753294,0.825274832054992,0.885479088919266,"Spliced GPD",825.274832054992,633.378568753294
156,0.634046831420352,0.82309489271899,0.884207265647038,"Spliced GPD",823.09489271899,634.046831420352
157,0.634862646540652,0.822577999340475,0.886034110690989,"Spliced GPD",822.577999340475,634.862646540652
158,0.635605403924938,0.828643481919114,0.889350951337,"Spliced GPD",828.643481919114,635.605403924938
159,0.636940758562912,0.83290459928565,0.89377543729585,"Spliced GPD",832.90459928565,636.940758562912
160,0.638199534946523,0.83252165388139,0.892426373546908,"Spliced GPD",832.52165388139,638.199534946523
161,0.638306013144262,0.829291402318696,0.888447116519926,"Spliced GPD",829.291402318696,638.306013144262
162,0.638341859132493,0.824968870435387,0.88673872350225,"Spliced GPD",824.968870435387,638.341859132493
163,0.639189008876738,0.827804179147662,0.89012643447892,"Spliced GPD",827.804179147662,639.189008876738
164,0.639684013358942,0.833430856341866,0.892207448399018,"Spliced GPD",833.430856341866,639.684013358942
165,0.640721894097942,0.832496927287036,0.892002636489282,"Spliced GPD",832.496927287036,640.721894097942
166,0.64134987619631,0.83177560483942,0.890594154840067,"Spliced GPD",831.77560483942,641.34987619631
167,0.641695898175914,0.830260130592469,0.889247160099795,"Spliced GPD",830.260130592469,641.695898175914
168,0.642910237412086,0.833832183780653,0.89294179493071,"Spliced GPD",833.832183780653,642.910237412086
169,0.643038185804578,0.834656203636945,0.890279010270324,"Spliced GPD",834.656203636945,643.038185804578
170,0.643187361715877,0.833063671414726,0.890370632013804,"Spliced GPD",833.063671414726,643.187361715877
171,0.644236255482916,0.834208000268403,0.893799276088908,"Spliced GPD",834.208000268403,644.236255482916
172,0.645158348704033,0.835668088792374,0.897001573743443,"Spliced GPD",835.668088792374,645.158348704033
173,0.645301979936938,0.835823886862392,0.893422297114503,"Spliced GPD",835.823886862392,645.301979936938
174,0.646645387003556,0.839359164088238,0.893762561511275,"Spliced GPD",839.359164088238,646.645387003556
175,0.647461844905494,0.838271791039213,0.893202700464353,"Spliced GPD",838.271791039213,647.461844905494
176,0.648674567663872,0.838583301161657,0.894919528200645,"Spliced GPD",838.583301161657,648.674567663872
177,0.648680164769195,0.83911928417965,0.89627191413119,"Spliced GPD",839.11928417965,648.680164769195
178,0.648938075048097,0.838262492428283,0.896684688884121,"Spliced GPD",838.262492428283,648.938075048097
179,0.64902963020995,0.840232713857457,0.895968983190664,"Spliced GPD",840.232713857457,649.02963020995
180,0.649156364986409,0.836561903284769,0.893606517033363,"Spliced GPD",836.561903284769,649.156364986409
181,0.649524296779633,0.84102821478291,0.898445406749595,"Spliced GPD",841.02821478291,649.524296779633
182,0.650590273256422,0.840332046145839,0.900236709703155,"Spliced GPD",840.332046145839,650.590273256422
183,0.651563659901877,0.84444489173659,0.904431071551187,"Spliced GPD",844.44489173659,651.563659901877
184,0.651768004978402,0.843861016789475,0.903587465510694,"Spliced GPD",843.861016789475,651.768004978402
185,0.652648543900273,0.841935906963947,0.902188672544617,"Spliced GPD",841.935906963947,652.648543900273
186,0.654065273463644,0.847223703662886,0.908255365860377,"Spliced GPD",847.223703662886,654.065273463644
187,0.654216166738105,0.849235146334719,0.904640601100688,"Spliced GPD",849.235146334719,654.216166738105
188,0.655092600005548,0.848022289270444,0.901615161921433,"Spliced GPD",848.022289270444,655.092600005548
189,0.656022149097932,0.846409938189471,0.899064625378862,"Spliced GPD",846.409938189471,656.022149097932
190,0.65687033901157,0.844694018074445,0.897350527436078,"Spliced GPD",844.694018074445,656.87033901157
191,0.65789450966871,0.846816267075871,0.899633897409192,"Spliced GPD",846.816267075871,657.89450966871
192,0.658132107406928,0.84805858163349,0.90071427970217,"Spliced GPD",848.05858163349,658.132107406928
193,0.659461118228296,0.852393567838411,0.904424474208042,"Spliced GPD",852.393567838411,659.461118228296
194,0.660266230090934,0.849242133440024,0.901865367805563,"Spliced GPD",849.242133440024,660.266230090934
195,0.661504701835476,0.847978643933526,0.904309606618002,"Spliced GPD",847.978643933526,661.504701835476
196,0.661977018059449,0.851425899611339,0.903165147595295,"Spliced GPD",851.425899611339,661.977018059448
197,0.663221429731987,0.854157492408275,0.90676125802151,"Spliced GPD",854.157492408275,663.221429731987
198,0.663224062621712,0.855655987646834,0.903373059744953,"Spliced GPD",855.655987646834,663.224062621712
199,0.663320498931389,0.850170416574924,0.902956339657705,"Spliced GPD",850.170416574924,663.320498931389
200,0.664858098627459,0.853300357228179,0.907957992948121,"Spliced GPD",853.300357228179,664.858098627459
