"time_horizon","mean_car","car_95","cvar_95","multiplier","label","regrowth_pct"
1,0.017731333288452,0.0736325526496038,0.0931808326759565,0.5,"0.5x baseline",1
2,0.0348423317084939,0.116661219944891,0.132791755729501,0.5,"0.5x baseline",1
3,0.0526276843918912,0.139105392913056,0.168744809563107,0.5,"0.5x baseline",1
4,0.069002278862168,0.159885801316633,0.196533855236529,0.5,"0.5x baseline",1
5,0.0859778397413406,0.187633575541565,0.225792360312915,0.5,"0.5x baseline",1
6,0.101844245737369,0.217206295238882,0.253397038883202,0.5,"0.5x baseline",1
7,0.117577825704046,0.235647252662094,0.273763683954914,0.5,"0.5x baseline",1
8,0.132799916788933,0.253563624669774,0.292948297152211,0.5,"0.5x baseline",1
9,0.147513202764845,0.275134066719593,0.31185682952076,0.5,"0.5x baseline",1
10,0.161913008595256,0.29494245221377,0.329073940489198,0.5,"0.5x baseline",1
11,0.176229891375737,0.312624244333728,0.348563629552349,0.5,"0.5x baseline",1
12,0.190052919899641,0.325573571995184,0.362669391573017,0.5,"0.5x baseline",1
13,0.203641689593127,0.342520814935144,0.378160273580474,0.5,"0.5x baseline",1
14,0.217210189264353,0.355971009916834,0.390598115708508,0.5,"0.5x baseline",1
15,0.230352115110458,0.368079552576813,0.403344125330483,0.5,"0.5x baseline",1
16,0.243311748343527,0.38239189294869,0.41818748468764,0.5,"0.5x baseline",1
17,0.255881755614682,0.397943814691108,0.432909376578044,0.5,"0.5x baseline",1
18,0.26784247865644,0.410234068049738,0.444846719965447,0.5,"0.5x baseline",1
19,0.279403766302172,0.421907654649748,0.455315147792861,0.5,"0.5x baseline",1
20,0.291223959847097,0.431946783705183,0.466007334071209,0.5,"0.5x baseline",1
21,0.302751544545784,0.443481593619277,0.47783584394231,0.5,"0.5x baseline",1
22,0.313443337741572,0.452749493794625,0.489354044273855,0.5,"0.5x baseline",1
23,0.324296467166511,0.463201094220154,0.499681905034531,0.5,"0.5x baseline",1
24,0.334771003472676,0.475651002300203,0.510860357254398,0.5,"0.5x baseline",1
25,0.344882895383755,0.485147580903456,0.518059825794121,0.5,"0.5x baseline",1
26,0.354883753254885,0.495018271305468,0.526954434051129,0.5,"0.5x baseline",1
27,0.364266201383637,0.502887307036658,0.53460202855271,0.5,"0.5x baseline",1
28,0.373642903964517,0.508895131507896,0.542729904862481,0.5,"0.5x baseline",1
29,0.382289247251558,0.519603964025708,0.551706446507806,0.5,"0.5x baseline",1
30,0.391338693067163,0.527382482966704,0.558431274112112,0.5,"0.5x baseline",1
31,0.40030153602863,0.536215601956169,0.565401007027744,0.5,"0.5x baseline",1
32,0.408383032049516,0.543392293022851,0.572678188721259,0.5,"0.5x baseline",1
33,0.416714495427814,0.547772395711149,0.578229281002383,0.5,"0.5x baseline",1
34,0.424367101437627,0.554591748973792,0.584265880890651,0.5,"0.5x baseline",1
35,0.433000934970583,0.563864914324613,0.591367749785314,0.5,"0.5x baseline",1
36,0.440744042311481,0.570975060375379,0.598872762017243,0.5,"0.5x baseline",1
37,0.448454172875119,0.576896259213135,0.605532389654447,0.5,"0.5x baseline",1
38,0.45561396720043,0.582761943513405,0.611681481717307,0.5,"0.5x baseline",1
39,0.462548094668774,0.591681447456253,0.618393644353725,0.5,"0.5x baseline",1
40,0.469703271766925,0.598010307106024,0.62553312580108,0.5,"0.5x baseline",1
41,0.4762526907494,0.605144407624342,0.631077454544156,0.5,"0.5x baseline",1
42,0.482722621688406,0.61005968420216,0.635484400707885,0.5,"0.5x baseline",1
43,0.489264685124977,0.615600210273527,0.639754198553368,0.5,"0.5x baseline",1
44,0.495639249701282,0.619843124379139,0.645461250210486,0.5,"0.5x baseline",1
45,0.501445698885473,0.623806029849842,0.649277411667915,0.5,"0.5x baseline",1
46,0.507433854730678,0.628603194821844,0.652887805130774,0.5,"0.5x baseline",1
47,0.513381201564554,0.632722282312529,0.659118357175792,0.5,"0.5x baseline",1
48,0.518930609275316,0.637936785359581,0.662743362378864,0.5,"0.5x baseline",1
49,0.524545103726372,0.641988641553859,0.666129009955926,0.5,"0.5x baseline",1
50,0.529941842070011,0.646434510537655,0.669825450269795,0.5,"0.5x baseline",1
51,0.535314396657551,0.651432233625626,0.675640761685133,0.5,"0.5x baseline",1
52,0.540977820387763,0.656844075366859,0.680159511186242,0.5,"0.5x baseline",1
53,0.545937895615452,0.66239808856173,0.684571290919119,0.5,"0.5x baseline",1
54,0.550967335640023,0.667770673855567,0.689777308905468,0.5,"0.5x baseline",1
55,0.555548763214466,0.669031437125316,0.692211675586688,0.5,"0.5x baseline",1
56,0.560278534124013,0.671655885688029,0.693509094823418,0.5,"0.5x baseline",1
57,0.56462924933174,0.674408879722992,0.69612044592662,0.5,"0.5x baseline",1
58,0.56896194551619,0.676370414828395,0.697662171857904,0.5,"0.5x baseline",1
59,0.57345253157753,0.680879601452581,0.702143141182502,0.5,"0.5x baseline",1
60,0.577971817545796,0.684348120109587,0.706056416353359,0.5,"0.5x baseline",1
61,0.582117857111391,0.686291276749716,0.709035922059794,0.5,"0.5x baseline",1
62,0.585785288434255,0.688911428785144,0.711073253038585,0.5,"0.5x baseline",1
63,0.589637007514837,0.694064349082983,0.7151846965023,0.5,"0.5x baseline",1
64,0.593024194842101,0.697039453128444,0.717994682790621,0.5,"0.5x baseline",1
65,0.596886897216652,0.699008900946656,0.719691313659119,0.5,"0.5x baseline",1
66,0.600580027704602,0.700572364038197,0.723366178161579,0.5,"0.5x baseline",1
67,0.604734268395818,0.70355637701285,0.72582183483846,0.5,"0.5x baseline",1
68,0.607939706628746,0.707333581981125,0.729308639640494,0.5,"0.5x baseline",1
69,0.611490998127963,0.709589628208752,0.732372345889439,0.5,"0.5x baseline",1
70,0.614987271862099,0.713067573696995,0.734689577171229,0.5,"0.5x baseline",1
71,0.617916365233061,0.715726281827324,0.737219431812753,0.5,"0.5x baseline",1
72,0.620694594995775,0.715547039277876,0.737391917457858,0.5,"0.5x baseline",1
73,0.62357218491356,0.717511293540931,0.740024094404304,0.5,"0.5x baseline",1
74,0.626375814163036,0.71949668313621,0.739952195365401,0.5,"0.5x baseline",1
75,0.629365216107547,0.720084275491284,0.742138215749642,0.5,"0.5x baseline",1
76,0.632253197633777,0.724459661472691,0.744677822907459,0.5,"0.5x baseline",1
77,0.635311989466419,0.727485865241929,0.746905623374389,0.5,"0.5x baseline",1
78,0.638080694109289,0.729599326835017,0.749871259748189,0.5,"0.5x baseline",1
79,0.640362222116893,0.7312777730434,0.750843525012284,0.5,"0.5x baseline",1
80,0.643137907282476,0.733699494990285,0.753089485472291,0.5,"0.5x baseline",1
81,0.645806020170499,0.737412842629566,0.755336870742753,0.5,"0.5x baseline",1
82,0.648539878575586,0.739390191084261,0.757010573966683,0.5,"0.5x baseline",1
83,0.650847961393322,0.740561439720426,0.758065998900045,0.5,"0.5x baseline",1
84,0.653303407500291,0.74157262917995,0.760362402883133,0.5,"0.5x baseline",1
85,0.655524879255118,0.74443330546495,0.762189944726016,0.5,"0.5x baseline",1
86,0.657891487601918,0.745925314486718,0.763970321191197,0.5,"0.5x baseline",1
87,0.659915691447134,0.747290892347724,0.76526894762167,0.5,"0.5x baseline",1
88,0.662227753951647,0.749315144820973,0.76601790773555,0.5,"0.5x baseline",1
89,0.664148978633014,0.751706918977736,0.768889457533117,0.5,"0.5x baseline",1
90,0.66626381970585,0.753655886056708,0.771589032948331,0.5,"0.5x baseline",1
91,0.668007121984149,0.75377272506613,0.772071749359942,0.5,"0.5x baseline",1
92,0.670071477132445,0.756248460440064,0.773462971903378,0.5,"0.5x baseline",1
93,0.671839441495363,0.757028861190979,0.774005850689796,0.5,"0.5x baseline",1
94,0.674095017398184,0.75924247531987,0.77624598480786,0.5,"0.5x baseline",1
95,0.67591765453198,0.759838048256015,0.777290400401568,0.5,"0.5x baseline",1
96,0.677781015346844,0.760051461662753,0.779272091970525,0.5,"0.5x baseline",1
97,0.679665628120149,0.760872158748371,0.781002031852068,0.5,"0.5x baseline",1
98,0.681449545390248,0.762533535666677,0.782137095282137,0.5,"0.5x baseline",1
99,0.683131856751515,0.76396642192886,0.782641989183069,0.5,"0.5x baseline",1
100,0.684811679579393,0.765230140542768,0.782988804979952,0.5,"0.5x baseline",1
101,0.686445611344468,0.76753589858048,0.784233419221518,0.5,"0.5x baseline",1
102,0.688553975000951,0.77009445171867,0.787339020374048,0.5,"0.5x baseline",1
103,0.690265843909158,0.771587224621404,0.78879096708845,0.5,"0.5x baseline",1
104,0.691737611668443,0.772697932001788,0.789902653371714,0.5,"0.5x baseline",1
105,0.693179917507578,0.772624734451787,0.789977376094522,0.5,"0.5x baseline",1
106,0.694799676979853,0.774371381027971,0.790837219589514,0.5,"0.5x baseline",1
107,0.695922154423048,0.775410519056498,0.792249351664284,0.5,"0.5x baseline",1
108,0.697278576837341,0.776221538463749,0.793125210856829,0.5,"0.5x baseline",1
109,0.698811140809727,0.777679459268908,0.793850408223821,0.5,"0.5x baseline",1
110,0.700226056905274,0.777482057314051,0.793828232208434,0.5,"0.5x baseline",1
111,0.701866764394666,0.778304753951014,0.795447181170321,0.5,"0.5x baseline",1
112,0.703235643552674,0.779761290745796,0.796903877936606,0.5,"0.5x baseline",1
113,0.704563194748913,0.782215166981226,0.798259632870526,0.5,"0.5x baseline",1
114,0.706104205649662,0.783241259079524,0.799845518383543,0.5,"0.5x baseline",1
115,0.707065987031438,0.783447122148466,0.800754070324961,0.5,"0.5x baseline",1
116,0.708143788488143,0.78472808174967,0.802225794412355,0.5,"0.5x baseline",1
117,0.709350654307078,0.784888417507766,0.802383497803958,0.5,"0.5x baseline",1
118,0.710352663628903,0.785581476285377,0.80249707074212,0.5,"0.5x baseline",1
119,0.71157127708283,0.787057912298463,0.803829541967048,0.5,"0.5x baseline",1
120,0.712790223484907,0.788233588201344,0.804956695270835,0.5,"0.5x baseline",1
121,0.713755386699379,0.790764851398045,0.805489890778265,0.5,"0.5x baseline",1
122,0.715093421750005,0.791205981074379,0.806246653305905,0.5,"0.5x baseline",1
123,0.716155607685332,0.790867919527038,0.806608033537038,0.5,"0.5x baseline",1
124,0.71719394400252,0.791463090910619,0.806489948656988,0.5,"0.5x baseline",1
125,0.718304320669436,0.792733343574234,0.808322929689164,0.5,"0.5x baseline",1
126,0.719053056260066,0.792507907006745,0.807663853145531,0.5,"0.5x baseline",1
127,0.720181351014698,0.793012085261278,0.808801542741961,0.5,"0.5x baseline",1
128,0.721564034345051,0.794503944962216,0.809525143938912,0.5,"0.5x baseline",1
129,0.722606086487693,0.796805003262714,0.811526680685722,0.5,"0.5x baseline",1
130,0.723379686906604,0.796756789896279,0.811611970953861,0.5,"0.5x baseline",1
131,0.724338278975494,0.796464701041386,0.811687833381147,0.5,"0.5x baseline",1
132,0.725424807954181,0.798173708766305,0.813255395637147,0.5,"0.5x baseline",1
133,0.726592053946355,0.798896707603071,0.814443247013611,0.5,"0.5x baseline",1
134,0.727470400790342,0.799818839357482,0.815557840303792,0.5,"0.5x baseline",1
135,0.728403505190962,0.800793650790598,0.816299542740377,0.5,"0.5x baseline",1
136,0.729463663063664,0.803186929184752,0.818364729620785,0.5,"0.5x baseline",1
137,0.730295906770508,0.803545549285611,0.818309384629943,0.5,"0.5x baseline",1
138,0.731190583470241,0.803483140844982,0.819214535934227,0.5,"0.5x baseline",1
139,0.731973418543003,0.804916067910693,0.819293194687089,0.5,"0.5x baseline",1
140,0.733109390369773,0.804754777063914,0.820318921980505,0.5,"0.5x baseline",1
141,0.734127879422628,0.806154764135946,0.821525185342597,0.5,"0.5x baseline",1
142,0.735027488317128,0.806988220547995,0.821915082806961,0.5,"0.5x baseline",1
143,0.735985649808059,0.806645601288057,0.821582919378761,0.5,"0.5x baseline",1
144,0.736803885357886,0.806971467831083,0.821922398977501,0.5,"0.5x baseline",1
145,0.737534737874325,0.806816855668237,0.822174631856484,0.5,"0.5x baseline",1
146,0.738154067414602,0.808220186636636,0.823001167394284,0.5,"0.5x baseline",1
147,0.738671275030185,0.808322650660552,0.822879642676153,0.5,"0.5x baseline",1
148,0.739794003225503,0.808059690538175,0.823946832310153,0.5,"0.5x baseline",1
149,0.740769354915134,0.810200847616916,0.825133417348366,0.5,"0.5x baseline",1
150,0.741402598183125,0.810995832381201,0.824923008507336,0.5,"0.5x baseline",1
151,0.742390268029455,0.811694839774801,0.825996073366195,0.5,"0.5x baseline",1
152,0.743350996575057,0.811502239886814,0.826380091479187,0.5,"0.5x baseline",1
153,0.743914925330088,0.811650808598341,0.827723975406973,0.5,"0.5x baseline",1
154,0.744546621182801,0.812956514654243,0.82854289308603,0.5,"0.5x baseline",1
155,0.745423703928413,0.813930640990189,0.829746258341404,0.5,"0.5x baseline",1
156,0.746462311628996,0.815319101740373,0.830383780841842,0.5,"0.5x baseline",1
157,0.747166614590286,0.815666140428534,0.831006135876762,0.5,"0.5x baseline",1
158,0.747819636892092,0.816900336070842,0.831824698920026,0.5,"0.5x baseline",1
159,0.748433380209912,0.816969596813842,0.832636967701027,0.5,"0.5x baseline",1
160,0.749458493330748,0.817984234528026,0.833937063511812,0.5,"0.5x baseline",1
161,0.749859826990417,0.818241765981669,0.834021706304966,0.5,"0.5x baseline",1
162,0.750496120596148,0.818121352098431,0.83428700435,0.5,"0.5x baseline",1
163,0.751141708497211,0.818132991931113,0.834540287528516,0.5,"0.5x baseline",1
164,0.751636470820967,0.819960736605995,0.834412245342813,0.5,"0.5x baseline",1
165,0.752498415550143,0.821648024491519,0.835961896075312,0.5,"0.5x baseline",1
166,0.753283883478346,0.82287186176337,0.835840227660722,0.5,"0.5x baseline",1
167,0.75385688178955,0.822171011230594,0.8367185926053,0.5,"0.5x baseline",1
168,0.754488577605432,0.823363645868553,0.837755094215393,0.5,"0.5x baseline",1
169,0.754942974847199,0.824695562039839,0.837652994743924,0.5,"0.5x baseline",1
170,0.755646752449107,0.823293723925815,0.836946927393353,0.5,"0.5x baseline",1
171,0.756416667046087,0.823511241011074,0.837573053620389,0.5,"0.5x baseline",1
172,0.756806541700745,0.824450155345066,0.837652974202781,0.5,"0.5x baseline",1
173,0.75733587587151,0.825249806489129,0.838842037257904,0.5,"0.5x baseline",1
174,0.757932079147657,0.825916489771569,0.84021472985508,0.5,"0.5x baseline",1
175,0.758481631664893,0.826087297435297,0.840894887834292,0.5,"0.5x baseline",1
176,0.759244867547619,0.827642849398495,0.841708944806539,0.5,"0.5x baseline",1
177,0.760051440003391,0.82889680671926,0.843041562569042,0.5,"0.5x baseline",1
178,0.760422532455778,0.829333745961675,0.842970063932288,0.5,"0.5x baseline",1
179,0.760978091921725,0.827895625290178,0.842596723294597,0.5,"0.5x baseline",1
180,0.76175732231216,0.829344302530152,0.84321861857241,0.5,"0.5x baseline",1
181,0.762175300688018,0.829247833877796,0.84378103301982,0.5,"0.5x baseline",1
182,0.762884007934059,0.829765799473487,0.843351251134384,0.5,"0.5x baseline",1
183,0.763261332349103,0.830238541991072,0.843733335460901,0.5,"0.5x baseline",1
184,0.763651194676482,0.829933859339416,0.844307944105325,0.5,"0.5x baseline",1
185,0.764391155869011,0.829824793465001,0.845202220755419,0.5,"0.5x baseline",1
186,0.765092622694253,0.831969503738983,0.846061336915396,0.5,"0.5x baseline",1
187,0.765743607571736,0.833460664086468,0.847297753786578,0.5,"0.5x baseline",1
188,0.766313171482062,0.833859164645067,0.847865339168758,0.5,"0.5x baseline",1
189,0.766508657941356,0.83430458983196,0.848344125535685,0.5,"0.5x baseline",1
190,0.767338311944406,0.834771769652208,0.849399280026042,0.5,"0.5x baseline",1
191,0.767727430143194,0.834930110088165,0.849741016088026,0.5,"0.5x baseline",1
192,0.768326036074878,0.835232263989634,0.848669908615969,0.5,"0.5x baseline",1
193,0.76870184537622,0.835504335864254,0.848807498807596,0.5,"0.5x baseline",1
194,0.769157712791684,0.834374714600915,0.848751491221921,0.5,"0.5x baseline",1
195,0.769727460829776,0.835161277485446,0.849089236802135,0.5,"0.5x baseline",1
196,0.770151934030292,0.836044376167073,0.85063354062624,0.5,"0.5x baseline",1
197,0.770631022625763,0.83565352887547,0.851331298536445,0.5,"0.5x baseline",1
198,0.770984213077495,0.836180817213178,0.850902032917312,0.5,"0.5x baseline",1
199,0.771675094246277,0.838315674633165,0.852367472391668,0.5,"0.5x baseline",1
200,0.77176630596428,0.838319273385753,0.852103050446731,0.5,"0.5x baseline",1
1,0.017731333288452,0.0736325526496038,0.0931808326759565,1,"1.0x baseline",2
2,0.0346650183756095,0.116627992255625,0.132130356890852,1,"1.0x baseline",2
3,0.0521089678905268,0.13774472591814,0.167269061147763,1,"1.0x baseline",2
4,0.06797702480992,0.15769456776605,0.193679290768118,1,"1.0x baseline",2
5,0.0843032261250686,0.183845289579481,0.221490001271493,1,"1.0x baseline",2
6,0.0993747987217884,0.211388899634061,0.247507869796105,1,"1.0x baseline",2
7,0.114186705818764,0.228937676483793,0.266156125499107,1,"1.0x baseline",2
8,0.128363166201973,0.245926991255659,0.28352527330484,1,"1.0x baseline",2
9,0.141919593639926,0.265120652669694,0.300513648903823,1,"1.0x baseline",2
10,0.155061073572351,0.281638449057593,0.315944313529765,1,"1.0x baseline",2
11,0.168027986291887,0.298323336562893,0.333375207865334,1,"1.0x baseline",2
12,0.180406065866685,0.310046155491996,0.345145078250301,1,"1.0x baseline",2
13,0.192474173910631,0.324108572887647,0.358741058525828,1,"1.0x baseline",2
14,0.204445969156378,0.336915862460631,0.36926081681818,1,"1.0x baseline",2
15,0.215918042218022,0.34577305706924,0.379526181047983,1,"1.0x baseline",2
16,0.227152718723254,0.358071839117561,0.39232198052248,1,"1.0x baseline",2
17,0.237939046893467,0.369855814463803,0.40523913225929,1,"1.0x baseline",2
18,0.248047157952965,0.380320617110698,0.415084467078908,1,"1.0x baseline",2
19,0.257708264164631,0.391032074747331,0.423150950873736,1,"1.0x baseline",2
20,0.267597781811816,0.397122405773789,0.431225255805809,1,"1.0x baseline",2
21,0.277166855305142,0.407668457213298,0.441238677279398,1,"1.0x baseline",2
22,0.285848030552869,0.416049077205713,0.450388556927274,1,"1.0x baseline",2
23,0.294677824708103,0.423784333907277,0.458455770510084,1,"1.0x baseline",2
24,0.303102524634746,0.432934267949887,0.467964678721677,1,"1.0x baseline",2
25,0.311139604648506,0.440596264497397,0.472761595954252,1,"1.0x baseline",2
26,0.319066368945365,0.450251067010889,0.479045653031252,1,"1.0x baseline",2
27,0.326332651907472,0.455339690461057,0.484708053332358,1,"1.0x baseline",2
28,0.333596386923124,0.460820863011959,0.491225797288345,1,"1.0x baseline",2
29,0.340104720671138,0.468110066135142,0.49865455639543,1,"1.0x baseline",2
30,0.347046367382005,0.475272603944233,0.503329346986382,1,"1.0x baseline",2
31,0.353916285256985,0.479661625715835,0.508320534200672,1,"1.0x baseline",2
32,0.359858504091864,0.484556171273297,0.513964050173964,1,"1.0x baseline",2
33,0.366084128397945,0.487237488346397,0.51745883168209,1,"1.0x baseline",2
34,0.371610797268485,0.493034499750169,0.521818341627529,1,"1.0x baseline",2
35,0.378243846176085,0.499588326519796,0.528120437889617,1,"1.0x baseline",2
36,0.38393290167988,0.506063955685094,0.533330192156111,1,"1.0x baseline",2
37,0.389606590458149,0.5103297491746,0.538224319947996,1,"1.0x baseline",2
38,0.39470625143836,0.513275064738177,0.541996518394231,1,"1.0x baseline",2
39,0.399610921882128,0.521317317724033,0.547158292351911,1,"1.0x baseline",2
40,0.404795777201905,0.525052197319717,0.552964855899882,1,"1.0x baseline",2
41,0.409324039338158,0.53121689847547,0.557274320065225,1,"1.0x baseline",2
42,0.413800652865097,0.532176319012106,0.559872972622168,1,"1.0x baseline",2
43,0.418413755887773,0.536665553418629,0.563025171727775,1,"1.0x baseline",2
44,0.422883249800585,0.542610223525582,0.56803706085911,1,"1.0x baseline",2
45,0.426738200268917,0.545898852448475,0.570223331640798,1,"1.0x baseline",2
46,0.430847726656494,0.546629433804276,0.572484937655435,1,"1.0x baseline",2
47,0.434967810961204,0.551421758432244,0.577754067186992,1,"1.0x baseline",2
48,0.438676005300231,0.553561712048264,0.579845835365615,1,"1.0x baseline",2
49,0.442510220376143,0.554739277632932,0.581635134292269,1,"1.0x baseline",2
50,0.446145210570067,0.560960443037123,0.58468690072583,1,"1.0x baseline",2
51,0.449816445886833,0.563290920949463,0.590427763544262,1,"1.0x baseline",2
52,0.453873623149699,0.568360805450473,0.593344150428282,1,"1.0x baseline",2
53,0.457136142078072,0.57274346334775,0.596696374077039,1,"1.0x baseline",2
54,0.460549656197067,0.576306295365646,0.60127183806588,1,"1.0x baseline",2
55,0.463457315746755,0.576388955221258,0.602397156451159,1,"1.0x baseline",2
56,0.466598499653091,0.577540468332627,0.60196036422068,1,"1.0x baseline",2
57,0.469357533430428,0.579784401151722,0.603636663685531,1,"1.0x baseline",2
58,0.472120094033525,0.580206118823342,0.603994825311758,1,"1.0x baseline",2
59,0.475157750228155,0.58315218844405,0.607919238833125,1,"1.0x baseline",2
60,0.478246676802857,0.586990929017369,0.611179162767052,1,"1.0x baseline",2
61,0.480961938989878,0.588069795222151,0.613555360031027,1,"1.0x baseline",2
62,0.483135013139095,0.590227666058975,0.614220610374817,1,"1.0x baseline",2
63,0.485603181995529,0.593163402652295,0.617739851227818,1,"1.0x baseline",2
64,0.487545052684134,0.595527578256068,0.619820547727824,1,"1.0x baseline",2
65,0.490103502514754,0.596862567147036,0.620658375249515,1,"1.0x baseline",2
66,0.492508151677741,0.597138640600659,0.623787271774807,1,"1.0x baseline",2
67,0.495554259444486,0.599075432992846,0.625820219101347,1,"1.0x baseline",2
68,0.49745859927318,0.602869446075962,0.628990289879991,1,"1.0x baseline",2
69,0.499843446197858,0.603936391681048,0.631557248570505,1,"1.0x baseline",2
70,0.502225195670555,0.608159896046662,0.633646531839931,1,"1.0x baseline",2
71,0.503924942381596,0.60910966611851,0.63572402491778,1,"1.0x baseline",2
72,0.505456962928058,0.608818963566345,0.634759650997207,1,"1.0x baseline",2
73,0.507202501306857,0.610936559739524,0.636403572651989,1,"1.0x baseline",2
74,0.508850883412443,0.610033339801551,0.635132367386532,1,"1.0x baseline",2
75,0.510845144934443,0.612041824977297,0.637054666957302,1,"1.0x baseline",2
76,0.512739811299073,0.615818075071455,0.639538810128649,1,"1.0x baseline",2
77,0.514895836608201,0.618123964653895,0.642203798196407,1,"1.0x baseline",2
78,0.516741237619288,0.619388668014144,0.644463042111766,1,"1.0x baseline",2
79,0.517973509414938,0.619853999970749,0.644357815435959,1,"1.0x baseline",2
80,0.519921702499228,0.621231467012071,0.646072165908393,1,"1.0x baseline",2
81,0.521760320485349,0.624522755492582,0.648683775650739,1,"1.0x baseline",2
82,0.523755822932175,0.627093014151234,0.650056839503728,1,"1.0x baseline",2
83,0.525199796907101,0.626705049988117,0.650785573461804,1,"1.0x baseline",2
84,0.526880234088901,0.629762722694946,0.652942440597888,1,"1.0x baseline",2
85,0.528286955532588,0.631400576833125,0.655024644093023,1,"1.0x baseline",2
86,0.529943051028145,0.634139380198421,0.655501886265245,1,"1.0x baseline",2
87,0.531177161956513,0.634879238196137,0.656614375715924,1,"1.0x baseline",2
88,0.532828801391099,0.634595750194714,0.656824126495081,1,"1.0x baseline",2
89,0.534000360253309,0.636522103493533,0.660565162758685,1,"1.0x baseline",2
90,0.53547155174425,0.63874531278707,0.663771073205915,1,"1.0x baseline",2
91,0.536476450740353,0.640139904858751,0.662990371234133,1,"1.0x baseline",2
92,0.537971607821364,0.640972908127632,0.663902265583245,1,"1.0x baseline",2
93,0.539079120111605,0.64062648049972,0.664199018475774,1,"1.0x baseline",2
94,0.540909581560858,0.644258598277749,0.667363306352054,1,"1.0x baseline",2
95,0.542158753667533,0.642741041842983,0.667643709941391,1,"1.0x baseline",2
96,0.543507770953054,0.643815077139744,0.669880084148128,1,"1.0x baseline",2
97,0.544899543913714,0.644496062396004,0.671167667442685,1,"1.0x baseline",2
98,0.546179820288719,0.647238811466974,0.672327858406475,1,"1.0x baseline",2
99,0.547380284809635,0.647031961410435,0.67203079584344,1,"1.0x baseline",2
100,0.548597950473864,0.648809969532982,0.671888697648522,1,"1.0x baseline",2
101,0.549760165894569,0.651479846871754,0.672382844494733,1,"1.0x baseline",2
102,0.551651191942845,0.653279635429126,0.676284491509484,1,"1.0x baseline",2
103,0.552979655186112,0.654296768715979,0.678063418466321,1,"1.0x baseline",2
104,0.554032097187034,0.654332865897632,0.679083318017167,1,"1.0x baseline",2
105,0.555022811390253,0.653770371328735,0.67878640857113,1,"1.0x baseline",2
106,0.556332801433223,0.655229066309184,0.67973122342472,1,"1.0x baseline",2
107,0.556955421754675,0.65655811320626,0.680504673803404,1,"1.0x baseline",2
108,0.557925804559061,0.657642197197058,0.681295046895126,1,"1.0x baseline",2
109,0.559185702330372,0.659085022288977,0.681817138279048,1,"1.0x baseline",2
110,0.560293054890447,0.658884467483782,0.681431442727793,1,"1.0x baseline",2
111,0.56176709755846,0.660263237481302,0.683363208159354,1,"1.0x baseline",2
112,0.56286484759734,0.661650332271709,0.685233458439999,1,"1.0x baseline",2
113,0.563926671951626,0.6644733718746,0.686685765339247,1,"1.0x baseline",2
114,0.565316729913322,0.665877140551247,0.6887943010204,1,"1.0x baseline",2
115,0.565880863582044,0.664708722892583,0.689278214597595,1,"1.0x baseline",2
116,0.56663063595247,0.666079050505004,0.691138629840845,1,"1.0x baseline",2
117,0.567613886352337,0.665699111577426,0.690362221822937,1,"1.0x baseline",2
118,0.568304770170836,0.666887888810943,0.690149858952395,1,"1.0x baseline",2
119,0.569344100293523,0.669445816447567,0.691965889097258,1,"1.0x baseline",2
120,0.570406149804696,0.6693643880186,0.693555786040925,1,"1.0x baseline",2
121,0.571091035086501,0.673195490811393,0.693692396138727,1,"1.0x baseline",2
122,0.572385152095869,0.672890141296618,0.694786046970324,1,"1.0x baseline",2
123,0.573261748997009,0.672576384645128,0.694844518572703,1,"1.0x baseline",2
124,0.574122110034675,0.671066925255694,0.694553663694041,1,"1.0x baseline",2
125,0.575131043068686,0.67412148950439,0.696991892795252,1,"1.0x baseline",2
126,0.575571242979275,0.673584214009794,0.6957389741673,1,"1.0x baseline",2
127,0.576629206433099,0.674463433966218,0.697778211682965,1,"1.0x baseline",2
128,0.578090105534189,0.676944404528796,0.698538531286849,1,"1.0x baseline",2
129,0.579041647928041,0.679417553421917,0.700997368402404,1,"1.0x baseline",2
130,0.57960945452774,0.680056713249938,0.700844708608909,1,"1.0x baseline",2
131,0.580478146883019,0.679108542275519,0.700559349724289,1,"1.0x baseline",2
132,0.581537231474089,0.680520588292475,0.702785598786383,1,"1.0x baseline",2
133,0.582726726661801,0.681396433874826,0.704031277112894,1,"1.0x baseline",2
134,0.583498508305907,0.682006236541732,0.704938713738658,1,"1.0x baseline",2
135,0.584374621805917,0.684168224753807,0.705699665159836,1,"1.0x baseline",2
136,0.58545741779227,0.684930796282569,0.708709580086148,1,"1.0x baseline",2
137,0.586198693835777,0.688142758776245,0.708526725247176,1,"1.0x baseline",2
138,0.587051675790739,0.687457417263314,0.709352625220413,1,"1.0x baseline",2
139,0.587747374428314,0.68754044069879,0.709645707650739,1,"1.0x baseline",2
140,0.588996458628309,0.687279570514842,0.711108684579119,1,"1.0x baseline",2
141,0.590069793221089,0.689727508419178,0.712792374049268,1,"1.0x baseline",2
142,0.590972422045687,0.691398777237386,0.713304795289962,1,"1.0x baseline",2
143,0.591968678783228,0.68948080374746,0.711914935361184,1,"1.0x baseline",2
144,0.592759833736137,0.690078758330202,0.712236853300455,1,"1.0x baseline",2
145,0.593427791102811,0.690385907016338,0.712693839714961,1,"1.0x baseline",2
146,0.593942161165075,0.692484398621425,0.714278379192308,1,"1.0x baseline",2
147,0.594317942559522,0.693202845724654,0.713961050749155,1,"1.0x baseline",2
148,0.595649215127785,0.693118256505169,0.71487822775825,1,"1.0x baseline",2
149,0.596759549919734,0.694993146603376,0.715801750508361,1,"1.0x baseline",2
150,0.597323191677049,0.694466432631807,0.715533552120042,1,"1.0x baseline",2
151,0.598447681048003,0.695995632353243,0.717162865257747,1,"1.0x baseline",2
152,0.599552445401435,0.695401960017252,0.718018376445546,1,"1.0x baseline",2
153,0.600036487009464,0.695813417207049,0.719826987034391,1,"1.0x baseline",2
154,0.600647849820128,0.698964833655943,0.72125274816614,1,"1.0x baseline",2
155,0.60164279525947,0.698380166088943,0.722998707432728,1,"1.0x baseline",2
156,0.602894687149775,0.70038988906218,0.723814386067768,1,"1.0x baseline",2
157,0.603621585006472,0.70225927329892,0.724297399054919,1,"1.0x baseline",2
158,0.604279078949486,0.702296840502707,0.725247533141666,1,"1.0x baseline",2
159,0.604898594370979,0.702378815218333,0.72655479591681,1,"1.0x baseline",2
160,0.606165652138991,0.703560810121383,0.728677856023748,1,"1.0x baseline",2
161,0.6064508999218,0.704249862009,0.728803766607647,1,"1.0x baseline",2
162,0.607115490620491,0.703833462238396,0.728766278401433,1,"1.0x baseline",2
163,0.607798246833831,0.704056216210531,0.728923791247035,1,"1.0x baseline",2
164,0.608250676974617,0.705939631086592,0.72832884606383,1,"1.0x baseline",2
165,0.609315682919363,0.708347235979447,0.730713595135998,1,"1.0x baseline",2
166,0.610234980581627,0.71034685638921,0.730520588881123,1,"1.0x baseline",2
167,0.610845238638724,0.709443664072615,0.731721049924727,1,"1.0x baseline",2
168,0.611539685035562,0.710153786913139,0.732849592301036,1,"1.0x baseline",2
169,0.611975218823283,0.711638125237871,0.732957282869633,1,"1.0x baseline",2
170,0.61279651330486,0.710471604268821,0.731556671960491,1,"1.0x baseline",2
171,0.613720988534732,0.711964952801252,0.732723152506853,1,"1.0x baseline",2
172,0.614067359778408,0.712553928974111,0.732323337363024,1,"1.0x baseline",2
173,0.614636270714912,0.712999138939971,0.734237066921032,1,"1.0x baseline",2
174,0.615318558234166,0.714521155243947,0.736467574807612,1,"1.0x baseline",2
175,0.615928269158209,0.715369879012308,0.737334040542096,1,"1.0x baseline",2
176,0.616876635569152,0.715997957776653,0.738650247463265,1,"1.0x baseline",2
177,0.617901604682274,0.719272055759639,0.740331791196007,1,"1.0x baseline",2
178,0.618241930803082,0.718147327157307,0.740047987399133,1,"1.0x baseline",2
179,0.618883699756734,0.717605106029031,0.739286435120504,1,"1.0x baseline",2
180,0.619893532885042,0.717799936831837,0.740165531444686,1,"1.0x baseline",2
181,0.620323320170794,0.719658261683574,0.74132398627702,1,"1.0x baseline",2
182,0.621208565124766,0.719521314113335,0.739839360014496,1,"1.0x baseline",2
183,0.621563840404204,0.720216241358184,0.740788042727645,1,"1.0x baseline",2
184,0.621948972000279,0.719082231408567,0.741579193691012,1,"1.0x baseline",2
185,0.622905505034382,0.719945861293615,0.743039716123282,1,"1.0x baseline",2
186,0.623805702971381,0.722453379190048,0.744157759258667,1,"1.0x baseline",2
187,0.624630529037694,0.724657096641145,0.745949551779149,1,"1.0x baseline",2
188,0.625335983598248,0.723118132549558,0.746260793531586,1,"1.0x baseline",2
189,0.625439937696961,0.725614602613932,0.747367700606264,1,"1.0x baseline",2
190,0.626557049460604,0.72599258403686,0.748889113520703,1,"1.0x baseline",2
191,0.626970416238955,0.726388260280289,0.749004752518104,1,"1.0x baseline",2
192,0.627712322049377,0.725818298212266,0.747046896965563,1,"1.0x baseline",2
193,0.628124428362656,0.726855112596059,0.746997768973245,1,"1.0x baseline",2
194,0.628647150221667,0.723823356393938,0.747145518216347,1,"1.0x baseline",2
195,0.629356442502037,0.726250900714272,0.747881494986861,1,"1.0x baseline",2
196,0.629845077072435,0.727526295334734,0.749926975946276,1,"1.0x baseline",2
197,0.630413554529256,0.727017679249628,0.750952917467433,1,"1.0x baseline",2
198,0.630794655167258,0.728003672080187,0.750337553097972,1,"1.0x baseline",2
199,0.631726180729717,0.730311285058854,0.752827684701832,1,"1.0x baseline",2
200,0.631678209758223,0.730642316569229,0.752439079519201,1,"1.0x baseline",2
1,0.017731333288452,0.0736325526496038,0.0931808326759565,1.5,"1.5x baseline",3
2,0.0344877050427247,0.11659476456636,0.131468958052204,1.5,"1.5x baseline",3
3,0.0515937976558202,0.136434847864442,0.165686155355101,1.5,"1.5x baseline",3
4,0.0669655206169375,0.155773410650349,0.190890156586949,1.5,"1.5x baseline",3
5,0.0826621862947703,0.179738654471735,0.217339044899812,1.5,"1.5x baseline",3
6,0.0969707819975651,0.205534132881468,0.241820041199434,1.5,"1.5x baseline",3
7,0.11090718642547,0.221705502314343,0.258914686187344,1.5,"1.5x baseline",3
8,0.124100426960735,0.237501438637533,0.274600701456905,1.5,"1.5x baseline",3
9,0.1365802686565,0.255793080286272,0.289899184955417,1.5,"1.5x baseline",3
10,0.148562908342463,0.270590620416989,0.303821251779529,1.5,"1.5x baseline",3
11,0.160299435240617,0.28507267024762,0.319236396896834,1.5,"1.5x baseline",3
12,0.171373576968456,0.294752453463607,0.328987359409837,1.5,"1.5x baseline",3
13,0.182083633228485,0.305545680384016,0.341004377895151,1.5,"1.5x baseline",3
14,0.192643778921148,0.319109775885909,0.349884240858017,1.5,"1.5x baseline",3
15,0.202653773310269,0.326692699725234,0.358312302301387,1.5,"1.5x baseline",3
16,0.212393404293674,0.337275270695214,0.369249449452383,1.5,"1.5x baseline",3
17,0.221649031549933,0.34570986737758,0.380715915519297,1.5,"1.5x baseline",3
18,0.230181766245659,0.354836763572849,0.388876067405015,1.5,"1.5x baseline",3
19,0.23824346779925,0.365037426756123,0.394953245725204,1.5,"1.5x baseline",3
20,0.24652494330296,0.36835072360036,0.40087412211373,1.5,"1.5x baseline",3
21,0.254479529219509,0.377100638758282,0.409583352353101,1.5,"1.5x baseline",3
22,0.26151775867336,0.386131311208041,0.416965843718628,1.5,"1.5x baseline",3
23,0.268711872313651,0.390842630392716,0.42338642671509,1.5,"1.5x baseline",3
24,0.275495555559946,0.396222516755064,0.431378586664737,1.5,"1.5x baseline",3
25,0.281887315421932,0.403640280427805,0.434685101163131,1.5,"1.5x baseline",3
26,0.288187107567413,0.411640491397165,0.439138802162162,1.5,"1.5x baseline",3
27,0.293806598803297,0.414459845061923,0.443281110210862,1.5,"1.5x baseline",3
28,0.299444073357281,0.418749555808123,0.448787142178188,1.5,"1.5x baseline",3
29,0.304321400657847,0.424816813407889,0.455076680471767,1.5,"1.5x baseline",3
30,0.309674575031315,0.430964369924109,0.458567808516288,1.5,"1.5x baseline",3
31,0.314983526699319,0.433294305429531,0.462240475451682,1.5,"1.5x baseline",3
32,0.319340036452405,0.438845451780993,0.466639971680346,1.5,"1.5x baseline",3
33,0.324024009167652,0.440273507127926,0.468628781741138,1.5,"1.5x baseline",3
34,0.328006165492252,0.443129225837633,0.471657963124615,1.5,"1.5x baseline",3
35,0.3332125414393,0.448679368034026,0.477542333784501,1.5,"1.5x baseline",3
36,0.337440576368465,0.454488517497853,0.481574596886062,1.5,"1.5x baseline",3
37,0.341679422212531,0.456977154273995,0.484913207733026,1.5,"1.5x baseline",3
38,0.345336507726908,0.459839365800581,0.487206670885628,1.5,"1.5x baseline",3
39,0.348835367072183,0.464628765634637,0.490709932389711,1.5,"1.5x baseline",3
40,0.352674271670365,0.468918630880509,0.4966637467241,1.5,"1.5x baseline",3
41,0.355825236329143,0.472609706875045,0.499741436029627,1.5,"1.5x baseline",3
42,0.358956517513285,0.473503359594229,0.501561135663689,1.5,"1.5x baseline",3
43,0.36228690183847,0.477330768264295,0.504052471772296,1.5,"1.5x baseline",3
44,0.365501075225452,0.482933586706933,0.5085268220289,1.5,"1.5x baseline",3
45,0.368070707265996,0.483505368720679,0.509683081348218,1.5,"1.5x baseline",3
46,0.370961307415864,0.484597781350554,0.511318205959871,1.5,"1.5x baseline",3
47,0.373912010571983,0.488534169997407,0.515954595935668,1.5,"1.5x baseline",3
48,0.376444529546422,0.488702591470224,0.517298549831505,1.5,"1.5x baseline",3
49,0.37915669517345,0.489511845846969,0.51780289584532,1.5,"1.5x baseline",3
50,0.381690697731974,0.494925344506025,0.520512128178695,1.5,"1.5x baseline",3
51,0.384313402739162,0.497717993747842,0.525957967067603,1.5,"1.5x baseline",3
52,0.387400357398816,0.502337163244808,0.528318619805252,1.5,"1.5x baseline",3
53,0.389623022904746,0.505317406323758,0.530575935831545,1.5,"1.5x baseline",3
54,0.392062392875313,0.50682047955104,0.534335841380537,1.5,"1.5x baseline",3
55,0.393954187235921,0.507183309460965,0.534596844754939,1.5,"1.5x baseline",3
56,0.396147979512171,0.50711832121894,0.532876303108509,1.5,"1.5x baseline",3
57,0.397961934309436,0.508936016765031,0.534818358645334,1.5,"1.5x baseline",3
58,0.399799042579249,0.509054376544664,0.534142183534223,1.5,"1.5x baseline",3
59,0.402002562517957,0.512029312075277,0.537925122180942,1.5,"1.5x baseline",3
60,0.404274901770106,0.512603041830017,0.540816986726937,1.5,"1.5x baseline",3
61,0.406172805109878,0.515984595114766,0.542933563619009,1.5,"1.5x baseline",3
62,0.407480815371969,0.517083047302768,0.542842975351216,1.5,"1.5x baseline",3
63,0.409171807139065,0.519021111984475,0.545828634333573,1.5,"1.5x baseline",3
64,0.41029242810667,0.520599267615686,0.547314620552606,1.5,"1.5x baseline",3
65,0.41213236820648,0.521804387231373,0.548151713182915,1.5,"1.5x baseline",3
66,0.413834994389267,0.522124230228137,0.550745207042822,1.5,"1.5x baseline",3
67,0.416304986995434,0.522720353209206,0.552709260901701,1.5,"1.5x baseline",3
68,0.417492808230006,0.526168535564339,0.55538069044636,1.5,"1.5x baseline",3
69,0.419259798991735,0.528535778644013,0.557857781940111,1.5,"1.5x baseline",3
70,0.42105915692269,0.532022228060723,0.560171038701849,1.5,"1.5x baseline",3
71,0.422091793681935,0.532922885366375,0.562057244671027,1.5,"1.5x baseline",3
72,0.422942288250214,0.53185310102047,0.560121270797623,1.5,"1.5x baseline",3
73,0.42409229465215,0.534400767754353,0.561202540309998,1.5,"1.5x baseline",3
74,0.425126979348132,0.532178945325609,0.55943053100168,1.5,"1.5x baseline",3
75,0.426622771173384,0.533653210679738,0.560810825609003,1.5,"1.5x baseline",3
76,0.428018521187884,0.537326952782631,0.563792643263034,1.5,"1.5x baseline",3
77,0.429734293787513,0.540815422913642,0.566918074481148,1.5,"1.5x baseline",3
78,0.431123177670958,0.540177647032277,0.568653717254116,1.5,"1.5x baseline",3
79,0.431806026126007,0.540433722574716,0.567822159294099,1.5,"1.5x baseline",3
80,0.433362184733244,0.5408270454249,0.569439334527237,1.5,"1.5x baseline",3
81,0.434805565349778,0.543783178028944,0.571861173102569,1.5,"1.5x baseline",3
82,0.436461595992239,0.54630920955665,0.572902974709145,1.5,"1.5x baseline",3
83,0.437475977950338,0.545724551975581,0.573761668755065,1.5,"1.5x baseline",3
84,0.43878482944025,0.550014915171496,0.576007758107307,1.5,"1.5x baseline",3
85,0.439789166411849,0.551907902642689,0.578132270745909,1.5,"1.5x baseline",3
86,0.44111233757196,0.55418163872915,0.578173276445729,1.5,"1.5x baseline",3
87,0.441955705849533,0.554563760350937,0.579335032379117,1.5,"1.5x baseline",3
88,0.443301620982057,0.555187205198222,0.579483313053104,1.5,"1.5x baseline",3
89,0.444107948082026,0.556392153954086,0.583708957547482,1.5,"1.5x baseline",3
90,0.445280731248649,0.55820574715168,0.586483203495573,1.5,"1.5x baseline",3
91,0.445917710788331,0.559661393106575,0.584801364319838,1.5,"1.5x baseline",3
92,0.44716420578579,0.559379391296473,0.586043658949099,1.5,"1.5x baseline",3
93,0.447951851035318,0.558707354210102,0.585876071803246,1.5,"1.5x baseline",3
94,0.449623146809618,0.561891451748441,0.59012777268141,1.5,"1.5x baseline",3
95,0.450600909682959,0.559981264285995,0.589816783832686,1.5,"1.5x baseline",3
96,0.451720863200674,0.561322884566592,0.591848163012193,1.5,"1.5x baseline",3
97,0.452888518915935,0.563993409717423,0.592703748513823,1.5,"1.5x baseline",3
98,0.453934656496595,0.565431645054187,0.593967829080383,1.5,"1.5x baseline",3
99,0.454916039525449,0.566443984463368,0.593085327698914,1.5,"1.5x baseline",3
100,0.455921552218043,0.567122300467995,0.592591314077753,1.5,"1.5x baseline",3
101,0.456862752273557,0.569037629376943,0.592827310215612,1.5,"1.5x baseline",3
102,0.458706484628492,0.57155701523189,0.597547502886969,1.5,"1.5x baseline",3
103,0.459863752020908,0.571082765558666,0.599520720279327,1.5,"1.5x baseline",3
104,0.460714986122712,0.571860013061271,0.600529971357562,1.5,"1.5x baseline",3
105,0.461475896577828,0.570248696693507,0.599803039108368,1.5,"1.5x baseline",3
106,0.46265313455099,0.572082971325866,0.600927265158639,1.5,"1.5x baseline",3
107,0.463014762867915,0.573829397048993,0.601158321158529,1.5,"1.5x baseline",3
108,0.463801604955892,0.574129130575633,0.601791377300957,1.5,"1.5x baseline",3
109,0.464948304356049,0.576623297529716,0.60216655170786,1.5,"1.5x baseline",3
110,0.465913682024174,0.573774789535555,0.601747760136482,1.5,"1.5x baseline",3
111,0.467337872005803,0.578260169694721,0.60375626931744,1.5,"1.5x baseline",3
112,0.468311015160105,0.578968131249663,0.605917563662813,1.5,"1.5x baseline",3
113,0.469248959375886,0.58139225120633,0.607421698734169,1.5,"1.5x baseline",3
114,0.470589169867397,0.583830749419826,0.610192751972819,1.5,"1.5x baseline",3
115,0.470931446061264,0.581326755980799,0.610294626931561,1.5,"1.5x baseline",3
116,0.471508817889079,0.583696861146368,0.612195932694927,1.5,"1.5x baseline",3
117,0.472383448467449,0.582361889507642,0.610787004277447,1.5,"1.5x baseline",3
118,0.472906791269789,0.582956488949264,0.610155396644074,1.5,"1.5x baseline",3
119,0.473867975465599,0.585472866868283,0.612708365255043,1.5,"1.5x baseline",3
120,0.474860662577561,0.585903641525946,0.614745406496013,1.5,"1.5x baseline",3
121,0.475393631357667,0.589047922556267,0.614445227359535,1.5,"1.5x baseline",3
122,0.476695362574989,0.589744678896721,0.615537816673425,1.5,"1.5x baseline",3
123,0.477472801784218,0.588880885672694,0.615664048244864,1.5,"1.5x baseline",3
124,0.478239311420279,0.58957421408586,0.615186358188637,1.5,"1.5x baseline",3
125,0.479207624677147,0.589681555990098,0.618204197390905,1.5,"1.5x baseline",3
126,0.479458249681944,0.589727109373207,0.616517771661385,1.5,"1.5x baseline",3
127,0.480492087371462,0.592064501600556,0.619237104340824,1.5,"1.5x baseline",3
128,0.482025796566624,0.594300865061194,0.620333283432665,1.5,"1.5x baseline",3
129,0.482928304333454,0.597240744931937,0.622989957248464,1.5,"1.5x baseline",3
130,0.483370380378164,0.598504946761102,0.622605861925687,1.5,"1.5x baseline",3
131,0.484190938329942,0.59671896114237,0.622131645952115,1.5,"1.5x baseline",3
132,0.485234673730412,0.598435852033868,0.62473740701583,1.5,"1.5x baseline",3
133,0.486439028402902,0.599319786571648,0.625643442355431,1.5,"1.5x baseline",3
134,0.487134254235235,0.599665415101001,0.626198212446346,1.5,"1.5x baseline",3
135,0.48797036460555,0.601904946111305,0.627177279880339,1.5,"1.5x baseline",3
136,0.489066609492365,0.602704168249109,0.630200455288654,1.5,"1.5x baseline",3
137,0.489739056381454,0.60552305953058,0.63032608571421,1.5,"1.5x baseline",3
138,0.490556581078785,0.604696294144328,0.631202505976878,1.5,"1.5x baseline",3
139,0.491185076920142,0.605477040560768,0.631823443495363,1.5,"1.5x baseline",3
140,0.492498271049332,0.604175861729772,0.633393553526147,1.5,"1.5x baseline",3
141,0.493591617720363,0.607337302902991,0.635433452504343,1.5,"1.5x baseline",3
142,0.494474018302967,0.609745940419753,0.636058621270617,1.5,"1.5x baseline",3
143,0.495468264608262,0.607699866239801,0.633848336234242,1.5,"1.5x baseline",3
144,0.496217888203087,0.608776666942155,0.634168024954877,1.5,"1.5x baseline",3
145,0.496815860209101,0.607884482083198,0.634584239146069,1.5,"1.5x baseline",3
146,0.497237290910381,0.610409909771643,0.636719872012691,1.5,"1.5x baseline",3
147,0.497498776130784,0.611961438058029,0.636141914984052,1.5,"1.5x baseline",3
148,0.498948737943565,0.610780967502079,0.637044724491163,1.5,"1.5x baseline",3
149,0.500125332747277,0.612949647359102,0.637367652827898,1.5,"1.5x baseline",3
150,0.500609852420308,0.612144823839783,0.637464809079524,1.5,"1.5x baseline",3
151,0.50179566246232,0.614947128334892,0.639607259774812,1.5,"1.5x baseline",3
152,0.502963548198469,0.613155411211193,0.640764545651557,1.5,"1.5x baseline",3
153,0.503354298531404,0.614571966539127,0.642672392086366,1.5,"1.5x baseline",3
154,0.503918791904711,0.617053141431685,0.644654820960454,1.5,"1.5x baseline",3
155,0.504958293189954,0.616940499284324,0.646951684591675,1.5,"1.5x baseline",3
156,0.506313033822359,0.619580788460596,0.647425735512448,1.5,"1.5x baseline",3
157,0.507010211419216,0.621383861863335,0.647570882166244,1.5,"1.5x baseline",3
158,0.507625925209799,0.620766551097119,0.648632476846765,1.5,"1.5x baseline",3
159,0.508210397062575,0.621939540530581,0.650093862076299,1.5,"1.5x baseline",3
160,0.509596699897093,0.622220152931434,0.653090666452754,1.5,"1.5x baseline",3
161,0.509757003718738,0.622618550885908,0.6533363008848,1.5,"1.5x baseline",3
162,0.510396618265874,0.622394316272265,0.652845967667052,1.5,"1.5x baseline",3
163,0.511060532655533,0.6243963566802,0.652604514344967,1.5,"1.5x baseline",3
164,0.511437231542626,0.624519606332979,0.65167917156929,1.5,"1.5x baseline",3
165,0.512604799138674,0.627971253163604,0.654615694777163,1.5,"1.5x baseline",3
166,0.513567715717517,0.628961217543276,0.65473460590754,1.5,"1.5x baseline",3
167,0.514162708680333,0.629826457227906,0.65602649395203,1.5,"1.5x baseline",3
168,0.514852093198574,0.629629835882682,0.657066417571254,1.5,"1.5x baseline",3
169,0.51523204854358,0.631009248298661,0.65735524898384,1.5,"1.5x baseline",3
170,0.516085674203716,0.629852153072597,0.655670734068872,1.5,"1.5x baseline",3
171,0.517064131947648,0.631073620281484,0.657221779330482,1.5,"1.5x baseline",3
172,0.517334959555393,0.632222759170237,0.656585373682923,1.5,"1.5x baseline",3
173,0.51788778595319,0.633575246442363,0.658675595146022,1.5,"1.5x baseline",3
174,0.518588420610206,0.634048053196639,0.661493428855895,1.5,"1.5x baseline",3
175,0.51919357692845,0.635250608982943,0.662593734873691,1.5,"1.5x baseline",3
176,0.520217638819573,0.636505066113331,0.664110911108235,1.5,"1.5x baseline",3
177,0.521341043373362,0.639843237307057,0.665796368452673,1.5,"1.5x baseline",3
178,0.521610932336891,0.638259567002563,0.665156643917585,1.5,"1.5x baseline",3
179,0.522263347575213,0.637015403068244,0.664367383352204,1.5,"1.5x baseline",3
180,0.523386296244759,0.637404022691926,0.665362111939869,1.5,"1.5x baseline",3
181,0.523777054315049,0.641306091237683,0.667000140107196,1.5,"1.5x baseline",3
182,0.524728858769644,0.639476402308954,0.664577213016675,1.5,"1.5x baseline",3
183,0.525015549079109,0.639523755082023,0.665928672084293,1.5,"1.5x baseline",3
184,0.525342883876562,0.640173559934419,0.667182020746388,1.5,"1.5x baseline",3
185,0.526397867734154,0.640038312841948,0.66879944320277,1.5,"1.5x baseline",3
186,0.527384709005,0.644546279072322,0.669877887929449,1.5,"1.5x baseline",3
187,0.528277428667178,0.646364057748953,0.672168764325403,1.5,"1.5x baseline",3
188,0.529026718217705,0.643481748887292,0.671850704761251,1.5,"1.5x baseline",3
189,0.529017785780484,0.646367636482263,0.673438522194449,1.5,"1.5x baseline",3
190,0.53028043286028,0.647582086197555,0.675169309119364,1.5,"1.5x baseline",3
191,0.530655759689265,0.647401037312175,0.675046983259469,1.5,"1.5x baseline",3
192,0.531437704384381,0.646857697682108,0.672220777820581,1.5,"1.5x baseline",3
193,0.531825040488148,0.647441127975631,0.672490676222371,1.5,"1.5x baseline",3
194,0.53233843822197,0.643907582345505,0.672655436761726,1.5,"1.5x baseline",3
195,0.533088005908057,0.646894363111839,0.673744167261228,1.5,"1.5x baseline",3
196,0.53357159701647,0.647997719463352,0.675873472438246,1.5,"1.5x baseline",3
197,0.534146353373748,0.648639336650039,0.677358724294703,1.5,"1.5x baseline",3
198,0.534496529945748,0.649842768464527,0.676574895959736,1.5,"1.5x baseline",3
199,0.53554679382098,0.653136221110358,0.679924889510289,1.5,"1.5x baseline",3
200,0.535348751961935,0.651966757294667,0.67919910072459,1.5,"1.5x baseline",3
