"quantity","region","horizon_yr","rho","statistic","value","unit"
"single_project","California",30,NA,"mean_loss",347,"kg_per_tonne"
"single_project","California",30,NA,"car_95",475.3,"kg_per_tonne"
"single_project","California",30,NA,"cvar_95",503.3,"kg_per_tonne"
"single_project","California",100,NA,"mean_loss",548.6,"kg_per_tonne"
"single_project","California",100,NA,"car_95",648.8,"kg_per_tonne"
"single_project","California",100,NA,"cvar_95",671.9,"kg_per_tonne"
"single_project","California",200,NA,"mean_loss",631.7,"kg_per_tonne"
"single_project","California",200,NA,"car_95",730.6,"kg_per_tonne"
"single_project","California",200,NA,"cvar_95",752.4,"kg_per_tonne"
"single_project","Mato Grosso",30,NA,"mean_loss",313,"kg_per_tonne"
"single_project","Mato Grosso",30,NA,"car_95",361.4,"kg_per_tonne"
"single_project","Mato Grosso",30,NA,"cvar_95",374.7,"kg_per_tonne"
"single_project","Mato Grosso",100,NA,"mean_loss",461.6,"kg_per_tonne"
"single_project","Mato Grosso",100,NA,"car_95",506.4,"kg_per_tonne"
"single_project","Mato Grosso",100,NA,"cvar_95",516.8,"kg_per_tonne"
"single_project","Mato Grosso",200,NA,"mean_loss",540.6,"kg_per_tonne"
"single_project","Mato Grosso",200,NA,"car_95",587.4,"kg_per_tonne"
"single_project","Mato Grosso",200,NA,"cvar_95",598.6,"kg_per_tonne"
"single_project","Papua",30,NA,"mean_loss",14,"kg_per_tonne"
"single_project","Papua",30,NA,"car_95",22.6,"kg_per_tonne"
"single_project","Papua",30,NA,"cvar_95",25.2,"kg_per_tonne"
"single_project","Papua",100,NA,"mean_loss",35.8,"kg_per_tonne"
"single_project","Papua",100,NA,"car_95",49.4,"kg_per_tonne"
"single_project","Papua",100,NA,"cvar_95",53,"kg_per_tonne"
"single_project","Papua",200,NA,"mean_loss",56.5,"kg_per_tonne"
"single_project","Papua",200,NA,"car_95",74.4,"kg_per_tonne"
"single_project","Papua",200,NA,"cvar_95",79,"kg_per_tonne"
"single_project","California",30,NA,"cvar_uplift",5.9,"percent"
"single_project","California",100,NA,"cvar_uplift",3.56,"percent"
"single_project","California",200,NA,"cvar_uplift",2.98,"percent"
"single_project","Mato Grosso",30,NA,"cvar_uplift",3.66,"percent"
"single_project","Mato Grosso",100,NA,"cvar_uplift",2.04,"percent"
"single_project","Mato Grosso",200,NA,"cvar_uplift",1.91,"percent"
"single_project","Papua",30,NA,"cvar_uplift",11.39,"percent"
"single_project","Papua",100,NA,"cvar_uplift",7.38,"percent"
"single_project","Papua",200,NA,"cvar_uplift",6.24,"percent"
"portfolio_panel_d","California",100,0,"car_K1",648.81,"kg_per_tonne"
"portfolio_panel_d","California",100,0,"car_K100",560.37,"kg_per_tonne"
"portfolio_panel_d","California",100,0,"div_benefit_kg",88.44,"kg_per_tonne"
"portfolio_panel_d","California",100,0,"div_benefit_pct",13.63,"percent"
"portfolio_panel_d","California",100,0.1,"car_K1",647.81,"kg_per_tonne"
"portfolio_panel_d","California",100,0.1,"car_K100",577.73,"kg_per_tonne"
"portfolio_panel_d","California",100,0.1,"div_benefit_kg",70.08,"kg_per_tonne"
"portfolio_panel_d","California",100,0.1,"div_benefit_pct",10.82,"percent"
"portfolio_panel_d","California",100,0.25,"car_K1",646.58,"kg_per_tonne"
"portfolio_panel_d","California",100,0.25,"car_K100",593.47,"kg_per_tonne"
"portfolio_panel_d","California",100,0.25,"div_benefit_kg",53.11,"kg_per_tonne"
"portfolio_panel_d","California",100,0.25,"div_benefit_pct",8.21,"percent"
"portfolio_panel_e","California",100,0,"car_K1",648.8,"kg_per_tonne"
"portfolio_panel_e","California",100,0,"car_K10",582.2,"kg_per_tonne"
"portfolio_panel_e","California",100,0,"car_K100",560.4,"kg_per_tonne"
"portfolio_panel_e","California",100,0,"div_benefit_kg",88.4,"kg_per_tonne"
"portfolio_panel_e","California",100,0,"div_benefit_pct",13.63,"percent"
"portfolio_panel_e","California",100,0.05,"car_K1",647.4,"kg_per_tonne"
"portfolio_panel_e","California",100,0.05,"car_K10",585.6,"kg_per_tonne"
"portfolio_panel_e","California",100,0.05,"car_K100",570.7,"kg_per_tonne"
"portfolio_panel_e","California",100,0.05,"div_benefit_kg",76.7,"kg_per_tonne"
"portfolio_panel_e","California",100,0.05,"div_benefit_pct",11.85,"percent"
"portfolio_panel_e","California",100,0.1,"car_K1",647.8,"kg_per_tonne"
"portfolio_panel_e","California",100,0.1,"car_K10",589.3,"kg_per_tonne"
"portfolio_panel_e","California",100,0.1,"car_K100",577.7,"kg_per_tonne"
"portfolio_panel_e","California",100,0.1,"div_benefit_kg",70.1,"kg_per_tonne"
"portfolio_panel_e","California",100,0.1,"div_benefit_pct",10.82,"percent"
"portfolio_panel_e","California",100,0.15,"car_K1",647.4,"kg_per_tonne"
"portfolio_panel_e","California",100,0.15,"car_K10",593.4,"kg_per_tonne"
"portfolio_panel_e","California",100,0.15,"car_K100",583.6,"kg_per_tonne"
"portfolio_panel_e","California",100,0.15,"div_benefit_kg",63.8,"kg_per_tonne"
"portfolio_panel_e","California",100,0.15,"div_benefit_pct",9.85,"percent"
"portfolio_panel_e","California",100,0.2,"car_K1",647.2,"kg_per_tonne"
"portfolio_panel_e","California",100,0.2,"car_K10",596.8,"kg_per_tonne"
"portfolio_panel_e","California",100,0.2,"car_K100",588.8,"kg_per_tonne"
"portfolio_panel_e","California",100,0.2,"div_benefit_kg",58.4,"kg_per_tonne"
"portfolio_panel_e","California",100,0.2,"div_benefit_pct",9.02,"percent"
"portfolio_panel_e","California",100,0.25,"car_K1",646.6,"kg_per_tonne"
"portfolio_panel_e","California",100,0.25,"car_K10",600.2,"kg_per_tonne"
"portfolio_panel_e","California",100,0.25,"car_K100",593.5,"kg_per_tonne"
"portfolio_panel_e","California",100,0.25,"div_benefit_kg",53.1,"kg_per_tonne"
"portfolio_panel_e","California",100,0.25,"div_benefit_pct",8.21,"percent"
"portfolio_panel_e","California",100,0.3,"car_K1",646.8,"kg_per_tonne"
"portfolio_panel_e","California",100,0.3,"car_K10",603.8,"kg_per_tonne"
"portfolio_panel_e","California",100,0.3,"car_K100",597.6,"kg_per_tonne"
"portfolio_panel_e","California",100,0.3,"div_benefit_kg",49.2,"kg_per_tonne"
"portfolio_panel_e","California",100,0.3,"div_benefit_pct",7.61,"percent"
"portfolio_panel_e","California",100,0.35,"car_K1",646.6,"kg_per_tonne"
"portfolio_panel_e","California",100,0.35,"car_K10",607,"kg_per_tonne"
"portfolio_panel_e","California",100,0.35,"car_K100",601.7,"kg_per_tonne"
"portfolio_panel_e","California",100,0.35,"div_benefit_kg",44.9,"kg_per_tonne"
"portfolio_panel_e","California",100,0.35,"div_benefit_pct",6.94,"percent"
"portfolio_panel_e","California",100,0.4,"car_K1",646.4,"kg_per_tonne"
"portfolio_panel_e","California",100,0.4,"car_K10",610.5,"kg_per_tonne"
"portfolio_panel_e","California",100,0.4,"car_K100",605.6,"kg_per_tonne"
"portfolio_panel_e","California",100,0.4,"div_benefit_kg",40.8,"kg_per_tonne"
"portfolio_panel_e","California",100,0.4,"div_benefit_pct",6.31,"percent"
"portfolio_panel_e","California",100,0.45,"car_K1",647.1,"kg_per_tonne"
"portfolio_panel_e","California",100,0.45,"car_K10",614.1,"kg_per_tonne"
"portfolio_panel_e","California",100,0.45,"car_K100",609.5,"kg_per_tonne"
"portfolio_panel_e","California",100,0.45,"div_benefit_kg",37.6,"kg_per_tonne"
"portfolio_panel_e","California",100,0.45,"div_benefit_pct",5.81,"percent"
"portfolio_panel_e","California",100,0.5,"car_K1",645.6,"kg_per_tonne"
"portfolio_panel_e","California",100,0.5,"car_K10",617.5,"kg_per_tonne"
"portfolio_panel_e","California",100,0.5,"car_K100",613.2,"kg_per_tonne"
"portfolio_panel_e","California",100,0.5,"div_benefit_kg",32.4,"kg_per_tonne"
"portfolio_panel_e","California",100,0.5,"div_benefit_pct",5.02,"percent"
"portfolio_panel_e","California",100,0.55,"car_K1",646.2,"kg_per_tonne"
"portfolio_panel_e","California",100,0.55,"car_K10",620.4,"kg_per_tonne"
"portfolio_panel_e","California",100,0.55,"car_K100",617,"kg_per_tonne"
"portfolio_panel_e","California",100,0.55,"div_benefit_kg",29.2,"kg_per_tonne"
"portfolio_panel_e","California",100,0.55,"div_benefit_pct",4.52,"percent"
"portfolio_panel_e","California",100,0.6,"car_K1",646.3,"kg_per_tonne"
"portfolio_panel_e","California",100,0.6,"car_K10",624.3,"kg_per_tonne"
"portfolio_panel_e","California",100,0.6,"car_K100",620.7,"kg_per_tonne"
"portfolio_panel_e","California",100,0.6,"div_benefit_kg",25.6,"kg_per_tonne"
"portfolio_panel_e","California",100,0.6,"div_benefit_pct",3.96,"percent"
"portfolio_panel_e","California",100,0.65,"car_K1",647.3,"kg_per_tonne"
"portfolio_panel_e","California",100,0.65,"car_K10",627.1,"kg_per_tonne"
"portfolio_panel_e","California",100,0.65,"car_K100",624.7,"kg_per_tonne"
"portfolio_panel_e","California",100,0.65,"div_benefit_kg",22.6,"kg_per_tonne"
"portfolio_panel_e","California",100,0.65,"div_benefit_pct",3.49,"percent"
"portfolio_panel_e","California",100,0.7,"car_K1",646.6,"kg_per_tonne"
"portfolio_panel_e","California",100,0.7,"car_K10",629.8,"kg_per_tonne"
"portfolio_panel_e","California",100,0.7,"car_K100",628.2,"kg_per_tonne"
"portfolio_panel_e","California",100,0.7,"div_benefit_kg",18.4,"kg_per_tonne"
"portfolio_panel_e","California",100,0.7,"div_benefit_pct",2.85,"percent"
"portfolio_panel_e","California",100,0.75,"car_K1",646.7,"kg_per_tonne"
"portfolio_panel_e","California",100,0.75,"car_K10",631.9,"kg_per_tonne"
"portfolio_panel_e","California",100,0.75,"car_K100",631.5,"kg_per_tonne"
"portfolio_panel_e","California",100,0.75,"div_benefit_kg",15.2,"kg_per_tonne"
"portfolio_panel_e","California",100,0.75,"div_benefit_pct",2.35,"percent"
"portfolio_panel_e","California",100,0.8,"car_K1",646.9,"kg_per_tonne"
"portfolio_panel_e","California",100,0.8,"car_K10",635.1,"kg_per_tonne"
"portfolio_panel_e","California",100,0.8,"car_K100",635.1,"kg_per_tonne"
"portfolio_panel_e","California",100,0.8,"div_benefit_kg",11.8,"kg_per_tonne"
"portfolio_panel_e","California",100,0.8,"div_benefit_pct",1.82,"percent"
"portfolio_panel_e","California",100,0.85,"car_K1",646.5,"kg_per_tonne"
"portfolio_panel_e","California",100,0.85,"car_K10",638.2,"kg_per_tonne"
"portfolio_panel_e","California",100,0.85,"car_K100",638.5,"kg_per_tonne"
"portfolio_panel_e","California",100,0.85,"div_benefit_kg",8,"kg_per_tonne"
"portfolio_panel_e","California",100,0.85,"div_benefit_pct",1.24,"percent"
"portfolio_panel_e","California",100,0.9,"car_K1",646.5,"kg_per_tonne"
"portfolio_panel_e","California",100,0.9,"car_K10",640.9,"kg_per_tonne"
"portfolio_panel_e","California",100,0.9,"car_K100",642.3,"kg_per_tonne"
"portfolio_panel_e","California",100,0.9,"div_benefit_kg",4.2,"kg_per_tonne"
"portfolio_panel_e","California",100,0.9,"div_benefit_pct",0.65,"percent"
"portfolio_panel_e","California",100,0.95,"car_K1",646.6,"kg_per_tonne"
"portfolio_panel_e","California",100,0.95,"car_K10",644.2,"kg_per_tonne"
"portfolio_panel_e","California",100,0.95,"car_K100",646,"kg_per_tonne"
"portfolio_panel_e","California",100,0.95,"div_benefit_kg",0.6,"kg_per_tonne"
"portfolio_panel_e","California",100,0.95,"div_benefit_pct",0.09,"percent"
"portfolio_panel_e","California",100,1,"car_K1",648.8,"kg_per_tonne"
"portfolio_panel_e","California",100,1,"car_K10",651,"kg_per_tonne"
"portfolio_panel_e","California",100,1,"car_K100",652,"kg_per_tonne"
"portfolio_panel_e","California",100,1,"div_benefit_kg",-3.2,"kg_per_tonne"
"portfolio_panel_e","California",100,1,"div_benefit_pct",-0.49,"percent"
